// 4.26.1 0x425494f3 D2 AY R0 FARGB8888 U888 N0 SExtFlashSection
// Generated by imageconverter. Please, do not edit!

#include <touchgfx/hal/Config.hpp>

LOCATION_PRAGMA("ExtFlashSection")
KEEP extern const unsigned char image_solar_panel_740835[] LOCATION_ATTRIBUTE("ExtFlashSection") = { // 64x64 ARGB8888 pixels.
    0xff, 0xff, 0xff, 0x00, 0xff, 0xff, 0xff, 0x00, 0xff, 0xff, 0xff, 0x00,
    0xff, 0xff, 0xff, 0x00, 0xff, 0xff, 0xff, 0x00, 0xff, 0xff, 0xff, 0x00,
    0xff, 0xff, 0xff, 0x00, 0xff, 0xff, 0xff, 0x00, 0xff, 0xff, 0xff, 0x00,
    0xff, 0xff, 0xff, 0x00, 0xff, 0xff, 0xff, 0x00, 0xff, 0xff, 0xff, 0x00,
    0xff, 0xff, 0xff, 0x00, 0xff, 0xff, 0xff, 0x00, 0xff, 0xff, 0xff, 0x00,
    0xff, 0xff, 0xff, 0x00, 0xff, 0xff, 0xff, 0x00, 0xff, 0xff, 0xff, 0x00,
    0xff, 0xff, 0xff, 0x00, 0xff, 0xff, 0xff, 0x00, 0xff, 0xff, 0xff, 0x00,
    0xff, 0xff, 0xff, 0x00, 0xff, 0xff, 0xff, 0x00, 0xff, 0xff, 0xff, 0x00,
    0xff, 0xff, 0xff, 0x00, 0xff, 0xff, 0xff, 0x00, 0xff, 0xff, 0xff, 0x00,
    0xff, 0xff, 0xff, 0x00, 0xff, 0xff, 0xff, 0x00, 0xff, 0xff, 0xff, 0x00,
    0xff, 0xff, 0xff, 0x00, 0xff, 0xff, 0xff, 0x00, 0xff, 0xff, 0xff, 0x00,
    0xff, 0xff, 0xff, 0x00, 0xff, 0xff, 0xff, 0x00, 0xff, 0xff, 0xff, 0x00,
    0xff, 0xff, 0xff, 0x00, 0xff, 0xff, 0xff, 0x00, 0xff, 0xff, 0xff, 0x00,
    0xff, 0xff, 0xff, 0x00, 0xff, 0xff, 0xff, 0x00, 0xff, 0xff, 0xff, 0x00,
    0xff, 0xff, 0xff, 0x00, 0xff, 0xff, 0xff, 0x00, 0xff, 0xff, 0xff, 0x00,
    0xff, 0xff, 0xff, 0x00, 0x3d, 0xd6, 0xff, 0x19, 0x3c, 0xd9, 0xff, 0x78,
    0x3a, 0xd6, 0xff, 0x2c, 0xff, 0xff, 0xff, 0x00, 0xff, 0xff, 0xff, 0x00,
    0xff, 0xff, 0xff, 0x00, 0x55, 0xff, 0xff, 0x03, 0x3b, 0xd9, 0xff, 0x94,
    0x3b, 0xd9, 0xff, 0x3d, 0x00, 0xff, 0xff, 0x01, 0xff, 0xff, 0xff, 0x00,
    0xff, 0xff, 0xff, 0x00, 0xff, 0xff, 0xff, 0x00, 0xff, 0xff, 0xff, 0x00,
    0xff, 0xff, 0xff, 0x00, 0xff, 0xff, 0xff, 0x00, 0xff, 0xff, 0xff, 0x00,
    0xff, 0xff, 0xff, 0x00, 0xff, 0xff, 0xff, 0x00, 0xff, 0xff, 0xff, 0x00,
    0xff, 0xff, 0xff, 0x00, 0xff, 0xff, 0xff, 0x00, 0xff, 0xff, 0xff, 0x00,
    0xff, 0xff, 0xff, 0x00, 0xff, 0xff, 0xff, 0x00, 0xff, 0xff, 0xff, 0x00,
    0xff, 0xff, 0xff, 0x00, 0xff, 0xff, 0xff, 0x00, 0xff, 0xff, 0xff, 0x00,
    0xff, 0xff, 0xff, 0x00, 0xff, 0xff, 0xff, 0x00, 0xff, 0xff, 0xff, 0x00,
    0xff, 0xff, 0xff, 0x00, 0xff, 0xff, 0xff, 0x00, 0xff, 0xff, 0xff, 0x00,
    0xff, 0xff, 0xff, 0x00, 0xff, 0xff, 0xff, 0x00, 0xff, 0xff, 0xff, 0x00,
    0xff, 0xff, 0xff, 0x00, 0xff, 0xff, 0xff, 0x00, 0xff, 0xff, 0xff, 0x00,
    0xff, 0xff, 0xff, 0x00, 0xff, 0xff, 0xff, 0x00, 0xff, 0xff, 0xff, 0x00,
    0xff, 0xff, 0xff, 0x00, 0xff, 0xff, 0xff, 0x00, 0xff, 0xff, 0xff, 0x00,
    0xff, 0xff, 0xff, 0x00, 0xff, 0xff, 0xff, 0x00, 0xff, 0xff, 0xff, 0x00,
    0xff, 0xff, 0xff, 0x00, 0xff, 0xff, 0xff, 0x00, 0xff, 0xff, 0xff, 0x00,
    0xff, 0xff, 0xff, 0x00, 0xff, 0xff, 0xff, 0x00, 0xff, 0xff, 0xff, 0x00,
    0xff, 0xff, 0xff, 0x00, 0xff, 0xff, 0xff, 0x00, 0xff, 0xff, 0xff, 0x00,
    0xff, 0xff, 0xff, 0x00, 0xff, 0xff, 0xff, 0x00, 0xff, 0xff, 0xff, 0x00,
    0xff, 0xff, 0xff, 0x00, 0x3b, 0xd8, 0xff, 0x8a, 0x3b, 0xd9, 0xff, 0xfb,
    0x3b, 0xd9, 0xff, 0xff, 0x3b, 0xd8, 0xff, 0x4e, 0xff, 0xff, 0xff, 0x00,
    0xff, 0xff, 0xff, 0x00, 0xff, 0xff, 0xff, 0x00, 0x3c, 0xda, 0xff, 0x37,
    0x3b, 0xd9, 0xff, 0xff, 0x3b, 0xd9, 0xff, 0xff, 0x3a, 0xd8, 0xff, 0xcd,
    0x33, 0xcc, 0xff, 0x05, 0xff, 0xff, 0xff, 0x00, 0xff, 0xff, 0xff, 0x00,
    0xff, 0xff, 0xff, 0x00, 0x3a, 0xda, 0xff, 0x6d, 0x3c, 0xda, 0xff, 0x44,
    0xff, 0xff, 0xff, 0x00, 0xff, 0xff, 0xff, 0x00, 0xff, 0xff, 0xff, 0x00,
    0xff, 0xff, 0xff, 0x00, 0xff, 0xff, 0xff, 0x00, 0xff, 0xff, 0xff, 0x00,
    0xff, 0xff, 0xff, 0x00, 0xff, 0xff, 0xff, 0x00, 0xff, 0xff, 0xff, 0x00,
    0xff, 0xff, 0xff, 0x00, 0xff, 0xff, 0xff, 0x00, 0xff, 0xff, 0xff, 0x00,
    0xff, 0xff, 0xff, 0x00, 0xff, 0xff, 0xff, 0x00, 0xff, 0xff, 0xff, 0x00,
    0xff, 0xff, 0xff, 0x00, 0xff, 0xff, 0xff, 0x00, 0xff, 0xff, 0xff, 0x00,
    0xff, 0xff, 0xff, 0x00, 0xff, 0xff, 0xff, 0x00, 0xff, 0xff, 0xff, 0x00,
    0xff, 0xff, 0xff, 0x00, 0xff, 0xff, 0xff, 0x00, 0xff, 0xff, 0xff, 0x00,
    0xff, 0xff, 0xff, 0x00, 0xff, 0xff, 0xff, 0x00, 0xff, 0xff, 0xff, 0x00,
    0xff, 0xff, 0xff, 0x00, 0xff, 0xff, 0xff, 0x00, 0xff, 0xff, 0xff, 0x00,
    0xff, 0xff, 0xff, 0x00, 0xff, 0xff, 0xff, 0x00, 0xff, 0xff, 0xff, 0x00,
    0xff, 0xff, 0xff, 0x00, 0xff, 0xff, 0xff, 0x00, 0xff, 0xff, 0xff, 0x00,
    0xff, 0xff, 0xff, 0x00, 0xff, 0xff, 0xff, 0x00, 0xff, 0xff, 0xff, 0x00,
    0xff, 0xff, 0xff, 0x00, 0xff, 0xff, 0xff, 0x00, 0x38, 0xd7, 0xff, 0x20,
    0x3b, 0xd9, 0xff, 0x57, 0xff, 0xff, 0xff, 0x00, 0xff, 0xff, 0xff, 0x00,
    0xff, 0xff, 0xff, 0x00, 0xff, 0xff, 0xff, 0x00, 0x3c, 0xda, 0xff, 0x5a,
    0x3b, 0xd9, 0xff, 0xff, 0x3b, 0xd9, 0xff, 0xff, 0x3a, 0xda, 0xff, 0x60,
    0xff, 0xff, 0xff, 0x00, 0xff, 0xff, 0xff, 0x00, 0xff, 0xff, 0xff, 0x00,
    0x3b, 0xd9, 0xff, 0x7e, 0x3b, 0xd9, 0xff, 0xff, 0x3b, 0xd9, 0xff, 0xff,
    0x3a, 0xd9, 0xff, 0x58, 0xff, 0xff, 0xff, 0x00, 0xff, 0xff, 0xff, 0x00,
    0xff, 0xff, 0xff, 0x00, 0x3a, 0xdb, 0xff, 0x46, 0x3b, 0xd9, 0xff, 0xfd,
    0x3b, 0xd9, 0xff, 0xfb, 0x3c, 0xd8, 0xff, 0x62, 0xff, 0xff, 0xff, 0x00,
    0xff, 0xff, 0xff, 0x00, 0xff, 0xff, 0xff, 0x00, 0xff, 0xff, 0xff, 0x00,
    0xff, 0xff, 0xff, 0x00, 0xff, 0xff, 0xff, 0x00, 0xff, 0xff, 0xff, 0x00,
    0xff, 0xff, 0xff, 0x00, 0xff, 0xff, 0xff, 0x00, 0xff, 0xff, 0xff, 0x00,
    0xff, 0xff, 0xff, 0x00, 0xff, 0xff, 0xff, 0x00, 0xff, 0xff, 0xff, 0x00,
    0xff, 0xff, 0xff, 0x00, 0xff, 0xff, 0xff, 0x00, 0xff, 0xff, 0xff, 0x00,
    0xff, 0xff, 0xff, 0x00, 0xff, 0xff, 0xff, 0x00, 0xff, 0xff, 0xff, 0x00,
    0xff, 0xff, 0xff, 0x00, 0xff, 0xff, 0xff, 0x00, 0xff, 0xff, 0xff, 0x00,
    0xff, 0xff, 0xff, 0x00, 0xff, 0xff, 0xff, 0x00, 0xff, 0xff, 0xff, 0x00,
    0xff, 0xff, 0xff, 0x00, 0xff, 0xff, 0xff, 0x00, 0xff, 0xff, 0xff, 0x00,
    0xff, 0xff, 0xff, 0x00, 0xff, 0xff, 0xff, 0x00, 0xff, 0xff, 0xff, 0x00,
    0xff, 0xff, 0xff, 0x00, 0xff, 0xff, 0xff, 0x00, 0xff, 0xff, 0xff, 0x00,
    0xff, 0xff, 0xff, 0x00, 0xff, 0xff, 0xff, 0x00, 0xff, 0xff, 0xff, 0x00,
    0xff, 0xff, 0xff, 0x00, 0xff, 0xff, 0xff, 0x00, 0xff, 0xff, 0xff, 0x00,
    0x3b, 0xd8, 0xff, 0x8a, 0x3b, 0xd9, 0xff, 0xf9, 0x3b, 0xd8, 0xff, 0x41,
    0xff, 0xff, 0xff, 0x00, 0xff, 0xff, 0xff, 0x00, 0xff, 0xff, 0xff, 0x00,
    0x40, 0xbf, 0xff, 0x04, 0x3b, 0xd9, 0xff, 0xe0, 0x3b, 0xd9, 0xff, 0xff,
    0x3c, 0xd9, 0xff, 0x73, 0xff, 0xff, 0xff, 0x00, 0xff, 0xff, 0xff, 0x00,
    0xff, 0xff, 0xff, 0x00, 0x3b, 0xd9, 0xff, 0xc4, 0x3b, 0xd9, 0xff, 0xff,
    0x3b, 0xd9, 0xff, 0x9f, 0xff, 0xff, 0xff, 0x00, 0xff, 0xff, 0xff, 0x00,
    0xff, 0xff, 0xff, 0x00, 0x3c, 0xda, 0xff, 0x22, 0x3b, 0xda, 0xff, 0xee,
    0x3b, 0xd9, 0xff, 0xff, 0x3b, 0xd9, 0xff, 0xff, 0x3b, 0xd9, 0xff, 0xff,
    0x39, 0xd7, 0xff, 0x47, 0xff, 0xff, 0xff, 0x00, 0xff, 0xff, 0xff, 0x00,
    0xff, 0xff, 0xff, 0x00, 0xff, 0xff, 0xff, 0x00, 0xff, 0xff, 0xff, 0x00,
    0xff, 0xff, 0xff, 0x00, 0xff, 0xff, 0xff, 0x00, 0xff, 0xff, 0xff, 0x00,
    0xff, 0xff, 0xff, 0x00, 0xff, 0xff, 0xff, 0x00, 0xff, 0xff, 0xff, 0x00,
    0xff, 0xff, 0xff, 0x00, 0xff, 0xff, 0xff, 0x00, 0xff, 0xff, 0xff, 0x00,
    0xff, 0xff, 0xff, 0x00, 0xff, 0xff, 0xff, 0x00, 0xff, 0xff, 0xff, 0x00,
    0xff, 0xff, 0xff, 0x00, 0xff, 0xff, 0xff, 0x00, 0xff, 0xff, 0xff, 0x00,
    0xff, 0xff, 0xff, 0x00, 0xff, 0xff, 0xff, 0x00, 0xff, 0xff, 0xff, 0x00,
    0xff, 0xff, 0xff, 0x00, 0xff, 0xff, 0xff, 0x00, 0xff, 0xff, 0xff, 0x00,
    0xff, 0xff, 0xff, 0x00, 0xff, 0xff, 0xff, 0x00, 0xff, 0xff, 0xff, 0x00,
    0xff, 0xff, 0xff, 0x00, 0xff, 0xff, 0xff, 0x00, 0xff, 0xff, 0xff, 0x00,
    0xff, 0xff, 0xff, 0x00, 0xff, 0xff, 0xff, 0x00, 0xff, 0xff, 0xff, 0x00,
    0xff, 0xff, 0xff, 0x00, 0xff, 0xff, 0xff, 0x00, 0xff, 0xff, 0xff, 0x00,
    0x39, 0xe3, 0xff, 0x09, 0x3b, 0xd9, 0xff, 0xed, 0x3b, 0xd9, 0xff, 0xff,
    0x3b, 0xd9, 0xff, 0xf1, 0x3d, 0xd8, 0xff, 0x2e, 0xff, 0xff, 0xff, 0x00,
    0xff, 0xff, 0xff, 0x00, 0xff, 0xff, 0xff, 0x00, 0x3a, 0xda, 0xff, 0x6e,
    0x3b, 0xd9, 0xff, 0xff, 0x3b, 0xd9, 0xff, 0x85, 0xff, 0xff, 0xff, 0x00,
    0xff, 0xff, 0xff, 0x00, 0x37, 0xdb, 0xff, 0x0e, 0x3b, 0xd9, 0xff, 0xfb,
    0x3a, 0xda, 0xff, 0xda, 0x40, 0xd5, 0xff, 0x0c, 0xff, 0xff, 0xff, 0x00,
    0xff, 0xff, 0xff, 0x00, 0x46, 0xd1, 0xff, 0x0b, 0x3c, 0xd9, 0xff, 0xd2,
    0x3b, 0xd9, 0xff, 0xff, 0x3b, 0xd9, 0xff, 0xff, 0x3b, 0xd9, 0xff, 0xef,
    0x3b, 0xd9, 0xff, 0x57, 0xff, 0xff, 0xff, 0x00, 0xff, 0xff, 0xff, 0x00,
    0xff, 0xff, 0xff, 0x00, 0xff, 0xff, 0xff, 0x00, 0xff, 0xff, 0xff, 0x00,
    0xff, 0xff, 0xff, 0x00, 0xff, 0xff, 0xff, 0x00, 0xff, 0xff, 0xff, 0x00,
    0xff, 0xff, 0xff, 0x00, 0xff, 0xff, 0xff, 0x00, 0xff, 0xff, 0xff, 0x00,
    0xff, 0xff, 0xff, 0x00, 0xff, 0xff, 0xff, 0x00, 0xff, 0xff, 0xff, 0x00,
    0xff, 0xff, 0xff, 0x00, 0xff, 0xff, 0xff, 0x00, 0xff, 0xff, 0xff, 0x00,
    0xff, 0xff, 0xff, 0x00, 0xff, 0xff, 0xff, 0x00, 0xff, 0xff, 0xff, 0x00,
    0xff, 0xff, 0xff, 0x00, 0xff, 0xff, 0xff, 0x00, 0xff, 0xff, 0xff, 0x00,
    0xff, 0xff, 0xff, 0x00, 0xff, 0xff, 0xff, 0x00, 0xff, 0xff, 0xff, 0x00,
    0xff, 0xff, 0xff, 0x00, 0xff, 0xff, 0xff, 0x00, 0xff, 0xff, 0xff, 0x00,
    0xff, 0xff, 0xff, 0x00, 0xff, 0xff, 0xff, 0x00, 0xff, 0xff, 0xff, 0x00,
    0xff, 0xff, 0xff, 0x00, 0xff, 0xff, 0xff, 0x00, 0xff, 0xff, 0xff, 0x00,
    0xff, 0xff, 0xff, 0x00, 0xff, 0xff, 0xff, 0x00, 0xff, 0xff, 0xff, 0x00,
    0xff, 0xff, 0xff, 0x00, 0x3d, 0xdb, 0xff, 0x32, 0x3b, 0xd9, 0xff, 0xed,
    0x3b, 0xd9, 0xff, 0xff, 0x3b, 0xd9, 0xff, 0xff, 0x3b, 0xd9, 0xff, 0xe5,
    0x3c, 0xdd, 0xff, 0x1e, 0xff, 0xff, 0xff, 0x00, 0xff, 0xff, 0xff, 0x00,
    0x40, 0xbf, 0xff, 0x04, 0x40, 0xd5, 0xff, 0x18, 0x3b, 0xd8, 0xff, 0x0d,
    0x3b, 0xd8, 0xff, 0x0d, 0x3e, 0xdc, 0xff, 0x1d, 0x55, 0xff, 0xff, 0x03,
    0x3b, 0xd9, 0xff, 0x49, 0x3d, 0xd8, 0xff, 0x2e, 0xff, 0xff, 0xff, 0x00,
    0xff, 0xff, 0xff, 0x00, 0xff, 0xff, 0xff, 0x00, 0x3b, 0xda, 0xff, 0xaa,
    0x3b, 0xd9, 0xff, 0xff, 0x3b, 0xd9, 0xff, 0xff, 0x3b, 0xd9, 0xff, 0xc1,
    0x3c, 0xdd, 0xff, 0x1e, 0xff, 0xff, 0xff, 0x00, 0xff, 0xff, 0xff, 0x00,
    0xff, 0xff, 0xff, 0x00, 0xff, 0xff, 0xff, 0x00, 0xff, 0xff, 0xff, 0x00,
    0xff, 0xff, 0xff, 0x00, 0xff, 0xff, 0xff, 0x00, 0xff, 0xff, 0xff, 0x00,
    0xff, 0xff, 0xff, 0x00, 0xff, 0xff, 0xff, 0x00, 0xff, 0xff, 0xff, 0x00,
    0xff, 0xff, 0xff, 0x00, 0xff, 0xff, 0xff, 0x00, 0xff, 0xff, 0xff, 0x00,
    0xff, 0xff, 0xff, 0x00, 0xff, 0xff, 0xff, 0x00, 0xff, 0xff, 0xff, 0x00,
    0xff, 0xff, 0xff, 0x00, 0xff, 0xff, 0xff, 0x00, 0xff, 0xff, 0xff, 0x00,
    0xff, 0xff, 0xff, 0x00, 0xff, 0xff, 0xff, 0x00, 0xff, 0xff, 0xff, 0x00,
    0xff, 0xff, 0xff, 0x00, 0xff, 0xff, 0xff, 0x00, 0xff, 0xff, 0xff, 0x00,
    0xff, 0xff, 0xff, 0x00, 0xff, 0xff, 0xff, 0x00, 0xff, 0xff, 0xff, 0x00,
    0xff, 0xff, 0xff, 0x00, 0xff, 0xff, 0xff, 0x00, 0xff, 0xff, 0xff, 0x00,
    0xff, 0xff, 0xff, 0x00, 0xff, 0xff, 0xff, 0x00, 0xff, 0xff, 0xff, 0x00,
    0xff, 0xff, 0xff, 0x00, 0xff, 0xff, 0xff, 0x00, 0xff, 0xff, 0xff, 0x00,
    0xff, 0xff, 0xff, 0x00, 0xff, 0xff, 0xff, 0x00, 0xff, 0xff, 0xff, 0x00,
    0x3b, 0xd8, 0xff, 0x0d, 0x3b, 0xd9, 0xff, 0x7a, 0x3b, 0xd9, 0xff, 0xec,
    0x3b, 0xd9, 0xff, 0xff, 0x3c, 0xd9, 0xff, 0xd6, 0x40, 0xd5, 0xff, 0x0c,
    0xff, 0xff, 0xff, 0x00, 0x33, 0xcc, 0xff, 0x05, 0x3b, 0xd9, 0xff, 0x7e,
    0x3c, 0xd9, 0xff, 0xd6, 0x3b, 0xd9, 0xff, 0xfd, 0x3b, 0xd9, 0xff, 0xff,
    0x3b, 0xd9, 0xff, 0xea, 0x3b, 0xd9, 0xff, 0xae, 0x39, 0xdc, 0xff, 0x24,
    0xff, 0xff, 0xff, 0x00, 0xff, 0xff, 0xff, 0x00, 0x3c, 0xd8, 0xff, 0x77,
    0x3b, 0xd9, 0xff, 0xff, 0x3b, 0xd9, 0xff, 0xfb, 0x3a, 0xda, 0xff, 0x7b,
    0x00, 0xff, 0xff, 0x02, 0xff, 0xff, 0xff, 0x00, 0xff, 0xff, 0xff, 0x00,
    0xff, 0xff, 0xff, 0x00, 0xff, 0xff, 0xff, 0x00, 0xff, 0xff, 0xff, 0x00,
    0xff, 0xff, 0xff, 0x00, 0xff, 0xff, 0xff, 0x00, 0xff, 0xff, 0xff, 0x00,
    0xff, 0xff, 0xff, 0x00, 0xff, 0xff, 0xff, 0x00, 0xff, 0xff, 0xff, 0x00,
    0xff, 0xff, 0xff, 0x00, 0xff, 0xff, 0xff, 0x00, 0xff, 0xff, 0xff, 0x00,
    0xff, 0xff, 0xff, 0x00, 0xff, 0xff, 0xff, 0x00, 0xff, 0xff, 0xff, 0x00,
    0xff, 0xff, 0xff, 0x00, 0xff, 0xff, 0xff, 0x00, 0xff, 0xff, 0xff, 0x00,
    0xff, 0xff, 0xff, 0x00, 0xff, 0xff, 0xff, 0x00, 0xff, 0xff, 0xff, 0x00,
    0xff, 0xff, 0xff, 0x00, 0xff, 0xff, 0xff, 0x00, 0xff, 0xff, 0xff, 0x00,
    0xff, 0xff, 0xff, 0x00, 0xff, 0xff, 0xff, 0x00, 0xff, 0xff, 0xff, 0x00,
    0xff, 0xff, 0xff, 0x00, 0xff, 0xff, 0xff, 0x00, 0xff, 0xff, 0xff, 0x00,
    0xff, 0xff, 0xff, 0x00, 0xff, 0xff, 0xff, 0x00, 0xff, 0xff, 0xff, 0x00,
    0xff, 0xff, 0xff, 0x00, 0xff, 0xff, 0xff, 0x00, 0xff, 0xff, 0xff, 0x00,
    0xff, 0xff, 0xff, 0x00, 0xff, 0xff, 0xff, 0x00, 0xff, 0xff, 0xff, 0x00,
    0xff, 0xff, 0xff, 0x00, 0xff, 0xff, 0xff, 0x00, 0xff, 0xff, 0xff, 0x00,
    0x40, 0xd5, 0xff, 0x0c, 0x3c, 0xd9, 0xff, 0x78, 0x3b, 0xd9, 0xff, 0xd1,
    0x40, 0xbf, 0xff, 0x04, 0x39, 0xdc, 0xff, 0x24, 0x3c, 0xd9, 0xff, 0xd2,
    0x3b, 0xd9, 0xff, 0xff, 0x3b, 0xd9, 0xff, 0xff, 0x3b, 0xd9, 0xff, 0xff,
    0x3b, 0xd9, 0xff, 0xff, 0x3b, 0xd9, 0xff, 0xff, 0x3b, 0xd9, 0xff, 0xff,
    0x3b, 0xd8, 0xff, 0xf5, 0x3b, 0xd8, 0xff, 0x63, 0xff, 0xff, 0xff, 0x00,
    0x3c, 0xd9, 0xff, 0x51, 0x3b, 0xd9, 0xff, 0xd5, 0x39, 0xd9, 0xff, 0x36,
    0xff, 0xff, 0xff, 0x00, 0xff, 0xff, 0xff, 0x00, 0xff, 0xff, 0xff, 0x00,
    0xff, 0xff, 0xff, 0x00, 0xff, 0xff, 0xff, 0x00, 0xff, 0xff, 0xff, 0x00,
    0xff, 0xff, 0xff, 0x00, 0xff, 0xff, 0xff, 0x00, 0xff, 0xff, 0xff, 0x00,
    0xff, 0xff, 0xff, 0x00, 0xff, 0xff, 0xff, 0x00, 0xff, 0xff, 0xff, 0x00,
    0xff, 0xff, 0xff, 0x00, 0xff, 0xff, 0xff, 0x00, 0xff, 0xff, 0xff, 0x00,
    0xff, 0xff, 0xff, 0x00, 0xff, 0xff, 0xff, 0x00, 0xff, 0xff, 0xff, 0x00,
    0xff, 0xff, 0xff, 0x00, 0xff, 0xff, 0xff, 0x00, 0xff, 0xff, 0xff, 0x00,
    0xff, 0xff, 0xff, 0x00, 0xff, 0xff, 0xff, 0x00, 0xff, 0xff, 0xff, 0x00,
    0xff, 0xff, 0xff, 0x00, 0xff, 0xff, 0xff, 0x00, 0xff, 0xff, 0xff, 0x00,
    0xff, 0xff, 0xff, 0x00, 0xff, 0xff, 0xff, 0x00, 0xff, 0xff, 0xff, 0x00,
    0xff, 0xff, 0xff, 0x00, 0xff, 0xff, 0xff, 0x00, 0xff, 0xff, 0xff, 0x00,
    0xff, 0xff, 0xff, 0x00, 0xff, 0xff, 0xff, 0x00, 0xff, 0xff, 0xff, 0x00,
    0xff, 0xff, 0xff, 0x00, 0xff, 0xff, 0xff, 0x00, 0xff, 0xff, 0xff, 0x00,
    0xff, 0xff, 0xff, 0x00, 0xff, 0xff, 0xff, 0x00, 0xff, 0xff, 0xff, 0x00,
    0xff, 0xff, 0xff, 0x00, 0xff, 0xff, 0xff, 0x00, 0xff, 0xff, 0xff, 0x00,
    0xff, 0xff, 0xff, 0x00, 0xff, 0xff, 0xff, 0x00, 0xff, 0xff, 0xff, 0x00,
    0x00, 0xff, 0xff, 0x01, 0x00, 0xff, 0xff, 0x02, 0x3b, 0xd9, 0xff, 0xc8,
    0x3b, 0xd9, 0xff, 0xff, 0x3b, 0xd9, 0xff, 0xff, 0x3b, 0xd9, 0xff, 0xff,
    0x3b, 0xd9, 0xff, 0xff, 0x3b, 0xd9, 0xff, 0xff, 0x3b, 0xd9, 0xff, 0xff,
    0x3b, 0xd9, 0xff, 0xff, 0x3b, 0xd9, 0xff, 0xff, 0x3b, 0xd9, 0xff, 0xfb,
    0x3c, 0xd7, 0xff, 0x33, 0xff, 0xff, 0xff, 0x00, 0x00, 0xff, 0xff, 0x01,
    0xff, 0xff, 0xff, 0x00, 0xff, 0xff, 0xff, 0x00, 0xff, 0xff, 0xff, 0x00,
    0xff, 0xff, 0xff, 0x00, 0xff, 0xff, 0xff, 0x00, 0xff, 0xff, 0xff, 0x00,
    0xff, 0xff, 0xff, 0x00, 0xff, 0xff, 0xff, 0x00, 0xff, 0xff, 0xff, 0x00,
    0xff, 0xff, 0xff, 0x00, 0xff, 0xff, 0xff, 0x00, 0xff, 0xff, 0xff, 0x00,
    0xff, 0xff, 0xff, 0x00, 0xff, 0xff, 0xff, 0x00, 0xff, 0xff, 0xff, 0x00,
    0xff, 0xff, 0xff, 0x00, 0xff, 0xff, 0xff, 0x00, 0xff, 0xff, 0xff, 0x00,
    0xff, 0xff, 0xff, 0x00, 0xff, 0xff, 0xff, 0x00, 0xff, 0xff, 0xff, 0x00,
    0xff, 0xff, 0xff, 0x00, 0xff, 0xff, 0xff, 0x00, 0xff, 0xff, 0xff, 0x00,
    0xff, 0xff, 0xff, 0x00, 0xff, 0xff, 0xff, 0x00, 0xff, 0xff, 0xff, 0x00,
    0xff, 0xff, 0xff, 0x00, 0xff, 0xff, 0xff, 0x00, 0xff, 0xff, 0xff, 0x00,
    0xff, 0xff, 0xff, 0x00, 0xff, 0xff, 0xff, 0x00, 0xff, 0xff, 0xff, 0x00,
    0xff, 0xff, 0xff, 0x00, 0xff, 0xff, 0xff, 0x00, 0xff, 0xff, 0xff, 0x00,
    0xff, 0xff, 0xff, 0x00, 0xff, 0xff, 0xff, 0x00, 0xff, 0xff, 0xff, 0x00,
    0xff, 0xff, 0xff, 0x00, 0xff, 0xff, 0xff, 0x00, 0xff, 0xff, 0xff, 0x00,
    0xff, 0xff, 0xff, 0x00, 0xff, 0xff, 0xff, 0x00, 0xff, 0xff, 0xff, 0x00,
    0xff, 0xff, 0xff, 0x00, 0xff, 0xff, 0xff, 0x00, 0xff, 0xff, 0xff, 0x00,
    0xff, 0xff, 0xff, 0x00, 0xff, 0xff, 0xff, 0x00, 0x3c, 0xd9, 0xff, 0x6a,
    0x3b, 0xd9, 0xff, 0xff, 0x3b, 0xd9, 0xff, 0xff, 0x3b, 0xd9, 0xff, 0xff,
    0x3b, 0xd9, 0xff, 0xff, 0x3b, 0xd9, 0xff, 0xff, 0x3b, 0xd9, 0xff, 0xff,
    0x3b, 0xd9, 0xff, 0xff, 0x3b, 0xd9, 0xff, 0xff, 0x3b, 0xd9, 0xff, 0xff,
    0x3b, 0xd9, 0xff, 0xff, 0x3b, 0xd9, 0xff, 0xd1, 0xff, 0xff, 0xff, 0x00,
    0xff, 0xff, 0xff, 0x00, 0xff, 0xff, 0xff, 0x00, 0xff, 0xff, 0xff, 0x00,
    0xff, 0xff, 0xff, 0x00, 0x33, 0xe6, 0xff, 0x0a, 0x3a, 0xd6, 0xff, 0x2c,
    0x3b, 0xd8, 0xff, 0x4e, 0xff, 0xff, 0xff, 0x00, 0xff, 0xff, 0xff, 0x00,
    0xff, 0xff, 0xff, 0x00, 0xff, 0xff, 0xff, 0x00, 0xff, 0xff, 0xff, 0x00,
    0xff, 0xff, 0xff, 0x00, 0xff, 0xff, 0xff, 0x00, 0xff, 0xff, 0xff, 0x00,
    0xff, 0xff, 0xff, 0x00, 0xff, 0xff, 0xff, 0x00, 0xff, 0xff, 0xff, 0x00,
    0xff, 0xff, 0xff, 0x00, 0xff, 0xff, 0xff, 0x00, 0xff, 0xff, 0xff, 0x00,
    0xff, 0xff, 0xff, 0x00, 0xff, 0xff, 0xff, 0x00, 0xff, 0xff, 0xff, 0x00,
    0xff, 0xff, 0xff, 0x00, 0xff, 0xff, 0xff, 0x00, 0xff, 0xff, 0xff, 0x00,
    0xff, 0xff, 0xff, 0x00, 0xff, 0xff, 0xff, 0x00, 0xff, 0xff, 0xff, 0x00,
    0xff, 0xff, 0xff, 0x00, 0xff, 0xff, 0xff, 0x00, 0xff, 0xff, 0xff, 0x00,
    0xff, 0xff, 0xff, 0x00, 0xff, 0xff, 0xff, 0x00, 0xff, 0xff, 0xff, 0x00,
    0xff, 0xff, 0xff, 0x00, 0xff, 0xff, 0xff, 0x00, 0xff, 0xff, 0xff, 0x00,
    0xff, 0xff, 0xff, 0x00, 0xff, 0xff, 0xff, 0x00, 0xff, 0xff, 0xff, 0x00,
    0x39, 0xe3, 0xff, 0x09, 0x3a, 0xd8, 0xff, 0x83, 0x3b, 0xd9, 0xff, 0x5f,
    0x3d, 0xd8, 0xff, 0x3b, 0x3a, 0xdc, 0xff, 0x16, 0xff, 0xff, 0xff, 0x00,
    0xff, 0xff, 0xff, 0x00, 0xff, 0xff, 0xff, 0x00, 0xff, 0xff, 0xff, 0x00,
    0x3b, 0xd9, 0xff, 0xb6, 0x3b, 0xd9, 0xff, 0xff, 0x3b, 0xd9, 0xff, 0xff,
    0x3b, 0xd9, 0xff, 0xff, 0x3b, 0xd9, 0xff, 0xff, 0x3b, 0xd9, 0xff, 0xff,
    0x3b, 0xd9, 0xff, 0xff, 0x3b, 0xd9, 0xff, 0xff, 0x3b, 0xd9, 0xff, 0xff,
    0x3b, 0xd9, 0xff, 0xff, 0x3b, 0xd9, 0xff, 0xff, 0x3b, 0xd9, 0xff, 0xff,
    0x39, 0xd9, 0xff, 0x1b, 0xff, 0xff, 0xff, 0x00, 0x3b, 0xd9, 0xff, 0x81,
    0x3b, 0xd9, 0xff, 0xc4, 0x3b, 0xd9, 0xff, 0xe6, 0x3b, 0xd9, 0xff, 0xff,
    0x3b, 0xd9, 0xff, 0xff, 0x3b, 0xd9, 0xff, 0xff, 0xff, 0xff, 0xff, 0x00,
    0xff, 0xff, 0xff, 0x00, 0xff, 0xff, 0xff, 0x00, 0xff, 0xff, 0xff, 0x00,
    0xff, 0xff, 0xff, 0x00, 0xff, 0xff, 0xff, 0x00, 0xff, 0xff, 0xff, 0x00,
    0xff, 0xff, 0xff, 0x00, 0xff, 0xff, 0xff, 0x00, 0xff, 0xff, 0xff, 0x00,
    0xff, 0xff, 0xff, 0x00, 0xff, 0xff, 0xff, 0x00, 0xff, 0xff, 0xff, 0x00,
    0xff, 0xff, 0xff, 0x00, 0xff, 0xff, 0xff, 0x00, 0xff, 0xff, 0xff, 0x00,
    0xff, 0xff, 0xff, 0x00, 0xff, 0xff, 0xff, 0x00, 0xff, 0xff, 0xff, 0x00,
    0xff, 0xff, 0xff, 0x00, 0xff, 0xff, 0xff, 0x00, 0xff, 0xff, 0xff, 0x00,
    0xff, 0xff, 0xff, 0x00, 0xff, 0xff, 0xff, 0x00, 0xff, 0xff, 0xff, 0x00,
    0xff, 0xff, 0xff, 0x00, 0xff, 0xff, 0xff, 0x00, 0xff, 0xff, 0xff, 0x00,
    0xff, 0xff, 0xff, 0x00, 0xff, 0xff, 0xff, 0x00, 0xff, 0xff, 0xff, 0x00,
    0xff, 0xff, 0xff, 0x00, 0xff, 0xff, 0xff, 0x00, 0xff, 0xff, 0xff, 0x00,
    0xff, 0xff, 0xff, 0x00, 0x40, 0xdf, 0xff, 0x10, 0x3b, 0xd9, 0xff, 0xff,
    0x3b, 0xd9, 0xff, 0xff, 0x3b, 0xd9, 0xff, 0xff, 0x3b, 0xd9, 0xff, 0xff,
    0x3b, 0xd9, 0xff, 0xf2, 0x3b, 0xd9, 0xff, 0xce, 0x3a, 0xda, 0xff, 0x88,
    0xff, 0xff, 0xff, 0x00, 0x3b, 0xd9, 0xff, 0xeb, 0x3b, 0xd9, 0xff, 0xff,
    0x3b, 0xd9, 0xff, 0xff, 0x3b, 0xd9, 0xff, 0xff, 0x3b, 0xd9, 0xff, 0xff,
    0x3b, 0xd9, 0xff, 0xff, 0x3b, 0xd9, 0xff, 0xff, 0x3b, 0xd9, 0xff, 0xff,
    0x3b, 0xd9, 0xff, 0xff, 0x3b, 0xd9, 0xff, 0xff, 0x3b, 0xd9, 0xff, 0xff,
    0x3b, 0xd9, 0xff, 0xff, 0x3c, 0xdb, 0xff, 0x4d, 0xff, 0xff, 0xff, 0x00,
    0x3b, 0xd9, 0xff, 0xc8, 0x3b, 0xd9, 0xff, 0xff, 0x3b, 0xd9, 0xff, 0xff,
    0x3b, 0xd9, 0xff, 0xff, 0x3b, 0xd9, 0xff, 0xff, 0x3b, 0xd9, 0xff, 0xff,
    0xff, 0xff, 0xff, 0x00, 0xff, 0xff, 0xff, 0x00, 0xff, 0xff, 0xff, 0x00,
    0xff, 0xff, 0xff, 0x00, 0xff, 0xff, 0xff, 0x00, 0xff, 0xff, 0xff, 0x00,
    0xff, 0xff, 0xff, 0x00, 0xff, 0xff, 0xff, 0x00, 0xff, 0xff, 0xff, 0x00,
    0xff, 0xff, 0xff, 0x00, 0xff, 0xff, 0xff, 0x00, 0xff, 0xff, 0xff, 0x00,
    0xff, 0xff, 0xff, 0x00, 0xff, 0xff, 0xff, 0x00, 0xff, 0xff, 0xff, 0x00,
    0xff, 0xff, 0xff, 0x00, 0xff, 0xff, 0xff, 0x00, 0xff, 0xff, 0xff, 0x00,
    0xff, 0xff, 0xff, 0x00, 0xff, 0xff, 0xff, 0x00, 0xff, 0xff, 0xff, 0x00,
    0xff, 0xff, 0xff, 0x00, 0xff, 0xff, 0xff, 0x00, 0xff, 0xff, 0xff, 0x00,
    0xff, 0xff, 0xff, 0x00, 0xff, 0xff, 0xff, 0x00, 0xff, 0xff, 0xff, 0x00,
    0xff, 0xff, 0xff, 0x00, 0xff, 0xff, 0xff, 0x00, 0xff, 0xff, 0xff, 0x00,
    0xff, 0xff, 0xff, 0x00, 0xff, 0xff, 0xff, 0x00, 0xff, 0xff, 0xff, 0x00,
    0xff, 0xff, 0xff, 0x00, 0xff, 0xff, 0xff, 0x00, 0x40, 0xdf, 0xff, 0x10,
    0x3b, 0xd9, 0xff, 0xff, 0x3b, 0xd9, 0xff, 0xff, 0x3b, 0xd9, 0xff, 0xff,
    0x3b, 0xd9, 0xff, 0xff, 0x3b, 0xd9, 0xff, 0xff, 0x3b, 0xd9, 0xff, 0xf7,
    0x3b, 0xd8, 0xff, 0xac, 0xff, 0xff, 0xff, 0x00, 0x3b, 0xda, 0xff, 0xee,
    0x3b, 0xd9, 0xff, 0xff, 0x3b, 0xd9, 0xff, 0xff, 0x3b, 0xd9, 0xff, 0xff,
    0x3b, 0xd9, 0xff, 0xff, 0x3b, 0xd9, 0xff, 0xff, 0x3b, 0xd9, 0xff, 0xff,
    0x3b, 0xd9, 0xff, 0xff, 0x3b, 0xd9, 0xff, 0xff, 0x3b, 0xd9, 0xff, 0xff,
    0x3b, 0xd9, 0xff, 0xff, 0x3b, 0xd9, 0xff, 0xff, 0x3d, 0xd9, 0xff, 0x50,
    0xff, 0xff, 0xff, 0x00, 0x3c, 0xd8, 0xff, 0x55, 0x3a, 0xd9, 0xff, 0x8c,
    0x3b, 0xd9, 0xff, 0xae, 0x3b, 0xd9, 0xff, 0xd1, 0x3b, 0xd9, 0xff, 0xf3,
    0x3b, 0xd9, 0xff, 0xff, 0xff, 0xff, 0xff, 0x00, 0xff, 0xff, 0xff, 0x00,
    0xff, 0xff, 0xff, 0x00, 0xff, 0xff, 0xff, 0x00, 0xff, 0xff, 0xff, 0x00,
    0xff, 0xff, 0xff, 0x00, 0xff, 0xff, 0xff, 0x00, 0xff, 0xff, 0xff, 0x00,
    0xff, 0xff, 0xff, 0x00, 0xff, 0xff, 0xff, 0x00, 0xff, 0xff, 0xff, 0x00,
    0xff, 0xff, 0xff, 0x00, 0xff, 0xff, 0xff, 0x00, 0xff, 0xff, 0xff, 0x00,
    0xff, 0xff, 0xff, 0x00, 0xff, 0xff, 0xff, 0x00, 0xff, 0xff, 0xff, 0x00,
    0xff, 0xff, 0xff, 0x00, 0xff, 0xff, 0xff, 0x00, 0xff, 0xff, 0xff, 0x00,
    0xff, 0xff, 0xff, 0x00, 0xff, 0xff, 0xff, 0x00, 0xff, 0xff, 0xff, 0x00,
    0xff, 0xff, 0xff, 0x00, 0xff, 0xff, 0xff, 0x00, 0xff, 0xff, 0xff, 0x00,
    0xff, 0xff, 0xff, 0x00, 0xff, 0xff, 0xff, 0x00, 0xff, 0xff, 0xff, 0x00,
    0xff, 0xff, 0xff, 0x00, 0xff, 0xff, 0xff, 0x00, 0xff, 0xff, 0xff, 0x00,
    0xff, 0xff, 0xff, 0x00, 0xff, 0xff, 0xff, 0x00, 0xff, 0xff, 0xff, 0x00,
    0x33, 0xe6, 0xff, 0x0a, 0x3c, 0xda, 0xff, 0x96, 0x3a, 0xd8, 0xff, 0x76,
    0x3b, 0xd9, 0xff, 0x57, 0x3c, 0xda, 0xff, 0x37, 0x40, 0xd5, 0xff, 0x18,
    0x00, 0xff, 0xff, 0x01, 0xff, 0xff, 0xff, 0x00, 0xff, 0xff, 0xff, 0x00,
    0x3b, 0xd9, 0xff, 0xba, 0x3b, 0xd9, 0xff, 0xff, 0x3b, 0xd9, 0xff, 0xff,
    0x3b, 0xd9, 0xff, 0xff, 0x3b, 0xd9, 0xff, 0xff, 0x3b, 0xd9, 0xff, 0xff,
    0x3b, 0xd9, 0xff, 0xff, 0x3b, 0xd9, 0xff, 0xff, 0x3b, 0xd9, 0xff, 0xff,
    0x3b, 0xd9, 0xff, 0xff, 0x3b, 0xd9, 0xff, 0xff, 0x3b, 0xd9, 0xff, 0xff,
    0x3a, 0xd6, 0xff, 0x1f, 0xff, 0xff, 0xff, 0x00, 0xff, 0xff, 0xff, 0x00,
    0xff, 0xff, 0xff, 0x00, 0xff, 0xff, 0xff, 0x00, 0xff, 0xff, 0xff, 0x00,
    0xff, 0xff, 0xff, 0x00, 0x3a, 0xdc, 0xff, 0x16, 0xff, 0xff, 0xff, 0x00,
    0xff, 0xff, 0xff, 0x00, 0xff, 0xff, 0xff, 0x00, 0xff, 0xff, 0xff, 0x00,
    0xff, 0xff, 0xff, 0x00, 0xff, 0xff, 0xff, 0x00, 0xff, 0xff, 0xff, 0x00,
    0xff, 0xff, 0xff, 0x00, 0xff, 0xff, 0xff, 0x00, 0xff, 0xff, 0xff, 0x00,
    0xff, 0xff, 0xff, 0x00, 0xff, 0xff, 0xff, 0x00, 0xff, 0xff, 0xff, 0x00,
    0xff, 0xff, 0xff, 0x00, 0xff, 0xff, 0xff, 0x00, 0xff, 0xff, 0xff, 0x00,
    0xff, 0xff, 0xff, 0x00, 0xff, 0xff, 0xff, 0x00, 0xff, 0xff, 0xff, 0x00,
    0xff, 0xff, 0xff, 0x00, 0xff, 0xff, 0xff, 0x00, 0xff, 0xff, 0xff, 0x00,
    0xff, 0xff, 0xff, 0x00, 0xff, 0xff, 0xff, 0x00, 0xff, 0xff, 0xff, 0x00,
    0xff, 0xff, 0xff, 0x00, 0xff, 0xff, 0xff, 0x00, 0xff, 0xff, 0xff, 0x00,
    0xff, 0xff, 0xff, 0x00, 0xff, 0xff, 0xff, 0x00, 0xff, 0xff, 0xff, 0x00,
    0xff, 0xff, 0xff, 0x00, 0xff, 0xff, 0xff, 0x00, 0xff, 0xff, 0xff, 0x00,
    0xff, 0xff, 0xff, 0x00, 0xff, 0xff, 0xff, 0x00, 0xff, 0xff, 0xff, 0x00,
    0xff, 0xff, 0xff, 0x00, 0xff, 0xff, 0xff, 0x00, 0xff, 0xff, 0xff, 0x00,
    0xff, 0xff, 0xff, 0x00, 0xff, 0xff, 0xff, 0x00, 0x00, 0xff, 0xff, 0x01,
    0x2b, 0xd5, 0xff, 0x06, 0x3b, 0xda, 0xff, 0x75, 0x3b, 0xd9, 0xff, 0xff,
    0x3b, 0xd9, 0xff, 0xff, 0x3b, 0xd9, 0xff, 0xff, 0x3b, 0xd9, 0xff, 0xff,
    0x3b, 0xd9, 0xff, 0xff, 0x3b, 0xd9, 0xff, 0xff, 0x3b, 0xd9, 0xff, 0xff,
    0x3b, 0xd9, 0xff, 0xff, 0x3b, 0xd9, 0xff, 0xff, 0x3b, 0xd9, 0xff, 0xff,
    0x3b, 0xd9, 0xff, 0xdc, 0xff, 0xff, 0xff, 0x00, 0x3d, 0xdb, 0xff, 0x15,
    0x37, 0xdb, 0xff, 0x1c, 0xff, 0xff, 0xff, 0x00, 0xff, 0xff, 0xff, 0x00,
    0xff, 0xff, 0xff, 0x00, 0xff, 0xff, 0xff, 0x00, 0xff, 0xff, 0xff, 0x00,
    0xff, 0xff, 0xff, 0x00, 0xff, 0xff, 0xff, 0x00, 0xff, 0xff, 0xff, 0x00,
    0xff, 0xff, 0xff, 0x00, 0xff, 0xff, 0xff, 0x00, 0xff, 0xff, 0xff, 0x00,
    0xff, 0xff, 0xff, 0x00, 0xff, 0xff, 0xff, 0x00, 0xff, 0xff, 0xff, 0x00,
    0xff, 0xff, 0xff, 0x00, 0xff, 0xff, 0xff, 0x00, 0xff, 0xff, 0xff, 0x00,
    0xff, 0xff, 0xff, 0x00, 0xff, 0xff, 0xff, 0x00, 0xff, 0xff, 0xff, 0x00,
    0xff, 0xff, 0xff, 0x00, 0xff, 0xff, 0xff, 0x00, 0xff, 0xff, 0xff, 0x00,
    0xff, 0xff, 0xff, 0x00, 0xff, 0xff, 0xff, 0x00, 0xff, 0xff, 0xff, 0x00,
    0xff, 0xff, 0xff, 0x00, 0xff, 0xff, 0xff, 0x00, 0xff, 0xff, 0xff, 0x00,
    0xff, 0xff, 0xff, 0x00, 0xff, 0xff, 0xff, 0x00, 0xff, 0xff, 0xff, 0x00,
    0xff, 0xff, 0xff, 0x00, 0xff, 0xff, 0xff, 0x00, 0xff, 0xff, 0xff, 0x00,
    0xff, 0xff, 0xff, 0x00, 0xff, 0xff, 0xff, 0x00, 0xff, 0xff, 0xff, 0x00,
    0xff, 0xff, 0xff, 0x00, 0xff, 0xff, 0xff, 0x00, 0xff, 0xff, 0xff, 0x00,
    0xff, 0xff, 0xff, 0x00, 0xff, 0xff, 0xff, 0x00, 0xff, 0xff, 0xff, 0x00,
    0xff, 0xff, 0xff, 0x00, 0xff, 0xff, 0xff, 0x00, 0x3a, 0xda, 0xff, 0x4b,
    0x3b, 0xd9, 0xff, 0xd1, 0x3b, 0xd9, 0xff, 0x92, 0x2b, 0xd5, 0xff, 0x06,
    0x3b, 0xd9, 0xff, 0xd1, 0x3b, 0xd9, 0xff, 0xff, 0x3b, 0xd9, 0xff, 0xff,
    0x3b, 0xd9, 0xff, 0xff, 0x3b, 0xd9, 0xff, 0xff, 0x3b, 0xd9, 0xff, 0xff,
    0x3b, 0xd9, 0xff, 0xff, 0x3b, 0xd9, 0xff, 0xff, 0x3b, 0xd9, 0xff, 0xff,
    0x3b, 0xd9, 0xff, 0xfd, 0x3b, 0xd9, 0xff, 0x3d, 0xff, 0xff, 0xff, 0x00,
    0x3c, 0xd9, 0xff, 0x73, 0x3b, 0xd9, 0xff, 0xf4, 0x3b, 0xd9, 0xff, 0x7a,
    0x49, 0xdb, 0xff, 0x07, 0xff, 0xff, 0xff, 0x00, 0xff, 0xff, 0xff, 0x00,
    0xff, 0xff, 0xff, 0x00, 0xff, 0xff, 0xff, 0x00, 0xff, 0xff, 0xff, 0x00,
    0xff, 0xff, 0xff, 0x00, 0xff, 0xff, 0xff, 0x00, 0xff, 0xff, 0xff, 0x00,
    0xff, 0xff, 0xff, 0x00, 0xff, 0xff, 0xff, 0x00, 0xff, 0xff, 0xff, 0x00,
    0xff, 0xff, 0xff, 0x00, 0xff, 0xff, 0xff, 0x00, 0xff, 0xff, 0xff, 0x00,
    0xff, 0xff, 0xff, 0x00, 0xff, 0xff, 0xff, 0x00, 0xff, 0xff, 0xff, 0x00,
    0xff, 0xff, 0xff, 0x00, 0xff, 0xff, 0xff, 0x00, 0xff, 0xff, 0xff, 0x00,
    0xff, 0xff, 0xff, 0x00, 0xff, 0xff, 0xff, 0x00, 0xff, 0xff, 0xff, 0x00,
    0xff, 0xff, 0xff, 0x00, 0xff, 0xff, 0xff, 0x00, 0xff, 0xff, 0xff, 0x00,
    0xff, 0xff, 0xff, 0x00, 0xff, 0xff, 0xff, 0x00, 0xff, 0xff, 0xff, 0x00,
    0xff, 0xff, 0xff, 0x00, 0xff, 0xff, 0xff, 0x00, 0xff, 0xff, 0xff, 0x00,
    0xff, 0xff, 0xff, 0x00, 0xff, 0xff, 0xff, 0x00, 0xff, 0xff, 0xff, 0x00,
    0xff, 0xff, 0xff, 0x00, 0xff, 0xff, 0xff, 0x00, 0xff, 0xff, 0xff, 0x00,
    0xff, 0xff, 0xff, 0x00, 0xff, 0xff, 0xff, 0x00, 0xff, 0xff, 0xff, 0x00,
    0xff, 0xff, 0xff, 0x00, 0x3b, 0xd9, 0xff, 0x3d, 0x3b, 0xd9, 0xff, 0xc4,
    0x3b, 0xd9, 0xff, 0xff, 0x3b, 0xd9, 0xff, 0xff, 0x3b, 0xd8, 0xff, 0xe1,
    0x33, 0xe6, 0xff, 0x0a, 0x3a, 0xd6, 0xff, 0x2c, 0x3b, 0xd9, 0xff, 0xdf,
    0x3b, 0xd9, 0xff, 0xff, 0x3b, 0xd9, 0xff, 0xff, 0x3b, 0xd9, 0xff, 0xff,
    0x3b, 0xd9, 0xff, 0xff, 0x3b, 0xd9, 0xff, 0xff, 0x3b, 0xd9, 0xff, 0xff,
    0x3b, 0xd9, 0xff, 0xfb, 0x3a, 0xd9, 0xff, 0x72, 0xff, 0xff, 0xff, 0x00,
    0xff, 0xff, 0xff, 0x00, 0x3a, 0xd8, 0xff, 0x5c, 0x3b, 0xd9, 0xff, 0xfe,
    0x3b, 0xd9, 0xff, 0xff, 0x3b, 0xd9, 0xff, 0xdb, 0x3c, 0xd9, 0xff, 0x2f,
    0xff, 0xff, 0xff, 0x00, 0xff, 0xff, 0xff, 0x00, 0xff, 0xff, 0xff, 0x00,
    0xff, 0xff, 0xff, 0x00, 0xff, 0xff, 0xff, 0x00, 0xff, 0xff, 0xff, 0x00,
    0xff, 0xff, 0xff, 0x00, 0xff, 0xff, 0xff, 0x00, 0xff, 0xff, 0xff, 0x00,
    0xff, 0xff, 0xff, 0x00, 0xff, 0xff, 0xff, 0x00, 0xff, 0xff, 0xff, 0x00,
    0xff, 0xff, 0xff, 0x00, 0xff, 0xff, 0xff, 0x00, 0xff, 0xff, 0xff, 0x00,
    0xff, 0xff, 0xff, 0x00, 0xff, 0xff, 0xff, 0x00, 0xff, 0xff, 0xff, 0x00,
    0xff, 0xff, 0xff, 0x00, 0xff, 0xff, 0xff, 0x00, 0xff, 0xff, 0xff, 0x00,
    0xff, 0xff, 0xff, 0x00, 0xff, 0xff, 0xff, 0x00, 0xff, 0xff, 0xff, 0x00,
    0xff, 0xff, 0xff, 0x00, 0xff, 0xff, 0xff, 0x00, 0xff, 0xff, 0xff, 0x00,
    0xff, 0xff, 0xff, 0x00, 0xff, 0xff, 0xff, 0x00, 0xff, 0xff, 0xff, 0x00,
    0xff, 0xff, 0xff, 0x00, 0xff, 0xff, 0xff, 0x00, 0xff, 0xff, 0xff, 0x00,
    0xff, 0xff, 0xff, 0x00, 0xff, 0xff, 0xff, 0x00, 0xff, 0xff, 0xff, 0x00,
    0xff, 0xff, 0xff, 0x00, 0xff, 0xff, 0xff, 0x00, 0xff, 0xff, 0xff, 0x00,
    0x3c, 0xd9, 0xff, 0x2f, 0x3b, 0xd9, 0xff, 0xb5, 0x3b, 0xd9, 0xff, 0xff,
    0x3b, 0xd9, 0xff, 0xff, 0x3b, 0xd9, 0xff, 0xff, 0x3b, 0xd9, 0xff, 0xc7,
    0x37, 0xde, 0xff, 0x17, 0xff, 0xff, 0xff, 0x00, 0xff, 0xff, 0xff, 0x00,
    0x40, 0xd5, 0xff, 0x0c, 0x3b, 0xd9, 0xff, 0x94, 0x3b, 0xd9, 0xff, 0xeb,
    0x3b, 0xd9, 0xff, 0xff, 0x3b, 0xd9, 0xff, 0xff, 0x3b, 0xd9, 0xff, 0xf9,
    0x3c, 0xd9, 0xff, 0xc5, 0x3c, 0xd7, 0xff, 0x33, 0xff, 0xff, 0xff, 0x00,
    0xff, 0xff, 0xff, 0x00, 0xff, 0xff, 0xff, 0x00, 0xff, 0xff, 0xff, 0x00,
    0x3b, 0xd9, 0xff, 0x64, 0x3b, 0xd9, 0xff, 0xfe, 0x3b, 0xd9, 0xff, 0xf7,
    0x3d, 0xd6, 0xff, 0x19, 0xff, 0xff, 0xff, 0x00, 0xff, 0xff, 0xff, 0x00,
    0xff, 0xff, 0xff, 0x00, 0xff, 0xff, 0xff, 0x00, 0xff, 0xff, 0xff, 0x00,
    0xff, 0xff, 0xff, 0x00, 0xff, 0xff, 0xff, 0x00, 0xff, 0xff, 0xff, 0x00,
    0xff, 0xff, 0xff, 0x00, 0xff, 0xff, 0xff, 0x00, 0xff, 0xff, 0xff, 0x00,
    0xff, 0xff, 0xff, 0x00, 0xff, 0xff, 0xff, 0x00, 0xff, 0xff, 0xff, 0x00,
    0xff, 0xff, 0xff, 0x00, 0xff, 0xff, 0xff, 0x00, 0xff, 0xff, 0xff, 0x00,
    0xff, 0xff, 0xff, 0x00, 0xff, 0xff, 0xff, 0x00, 0xff, 0xff, 0xff, 0x00,
    0xff, 0xff, 0xff, 0x00, 0xff, 0xff, 0xff, 0x00, 0xff, 0xff, 0xff, 0x00,
    0xff, 0xff, 0xff, 0x00, 0xff, 0xff, 0xff, 0x00, 0xff, 0xff, 0xff, 0x00,
    0xff, 0xff, 0xff, 0x00, 0xff, 0xff, 0xff, 0x00, 0xff, 0xff, 0xff, 0x00,
    0xff, 0xff, 0xff, 0x00, 0xff, 0xff, 0xff, 0x00, 0xff, 0xff, 0xff, 0x00,
    0xff, 0xff, 0xff, 0x00, 0xff, 0xff, 0xff, 0x00, 0xff, 0xff, 0xff, 0x00,
    0xff, 0xff, 0xff, 0x00, 0xff, 0xff, 0xff, 0x00, 0xff, 0xff, 0xff, 0x00,
    0xff, 0xff, 0xff, 0x00, 0x3a, 0xd9, 0xff, 0x72, 0x3b, 0xd9, 0xff, 0xff,
    0x3b, 0xd9, 0xff, 0xff, 0x3b, 0xd9, 0xff, 0xff, 0x3b, 0xda, 0xff, 0xa4,
    0x49, 0xdb, 0xff, 0x07, 0xff, 0xff, 0xff, 0x00, 0xff, 0xff, 0xff, 0x00,
    0x3b, 0xd8, 0xff, 0x0d, 0x3a, 0xda, 0xff, 0x6e, 0x40, 0xdf, 0xff, 0x10,
    0xff, 0xff, 0xff, 0x00, 0x3e, 0xdc, 0xff, 0x1d, 0x3d, 0xd8, 0xff, 0x2e,
    0x33, 0xcc, 0xff, 0x05, 0xff, 0xff, 0xff, 0x00, 0xff, 0xff, 0xff, 0x00,
    0x3e, 0xd6, 0xff, 0x25, 0x3b, 0xd8, 0xff, 0xb9, 0x3b, 0xd8, 0xff, 0x0d,
    0xff, 0xff, 0xff, 0x00, 0xff, 0xff, 0xff, 0x00, 0x3b, 0xda, 0xff, 0x67,
    0x3c, 0xd8, 0xff, 0x91, 0xff, 0xff, 0xff, 0x00, 0xff, 0xff, 0xff, 0x00,
    0xff, 0xff, 0xff, 0x00, 0xff, 0xff, 0xff, 0x00, 0xff, 0xff, 0xff, 0x00,
    0xff, 0xff, 0xff, 0x00, 0xff, 0xff, 0xff, 0x00, 0xff, 0xff, 0xff, 0x00,
    0xff, 0xff, 0xff, 0x00, 0xff, 0xff, 0xff, 0x00, 0xff, 0xff, 0xff, 0x00,
    0xff, 0xff, 0xff, 0x00, 0xff, 0xff, 0xff, 0x00, 0xff, 0xff, 0xff, 0x00,
    0xff, 0xff, 0xff, 0x00, 0xff, 0xff, 0xff, 0x00, 0xff, 0xff, 0xff, 0x00,
    0xff, 0xff, 0xff, 0x00, 0xff, 0xff, 0xff, 0x00, 0xff, 0xff, 0xff, 0x00,
    0xff, 0xff, 0xff, 0x00, 0xff, 0xff, 0xff, 0x00, 0xff, 0xff, 0xff, 0x00,
    0xff, 0xff, 0xff, 0x00, 0xff, 0xff, 0xff, 0x00, 0xff, 0xff, 0xff, 0x00,
    0xff, 0xff, 0xff, 0x00, 0xff, 0xff, 0xff, 0x00, 0xff, 0xff, 0xff, 0x00,
    0xff, 0xff, 0xff, 0x00, 0xff, 0xff, 0xff, 0x00, 0xff, 0xff, 0xff, 0x00,
    0xff, 0xff, 0xff, 0x00, 0xff, 0xff, 0xff, 0x00, 0xff, 0xff, 0xff, 0x00,
    0xff, 0xff, 0xff, 0x00, 0xff, 0xff, 0xff, 0x00, 0xff, 0xff, 0xff, 0x00,
    0xff, 0xff, 0xff, 0x00, 0xff, 0xff, 0xff, 0x00, 0x55, 0xff, 0xff, 0x03,
    0x3a, 0xd8, 0xff, 0xcd, 0x3b, 0xd9, 0xff, 0xfe, 0x3b, 0xd9, 0xff, 0x79,
    0xff, 0xff, 0xff, 0x00, 0xff, 0xff, 0xff, 0x00, 0xff, 0xff, 0xff, 0x00,
    0xff, 0xff, 0xff, 0x00, 0x3b, 0xd9, 0xff, 0x5f, 0x3b, 0xd9, 0xff, 0xff,
    0x3c, 0xd9, 0xff, 0xd6, 0xff, 0xff, 0xff, 0x00, 0xff, 0xff, 0xff, 0x00,
    0x33, 0xdd, 0xff, 0x0f, 0x3b, 0xd8, 0xff, 0x70, 0x3c, 0xdd, 0xff, 0x1e,
    0xff, 0xff, 0xff, 0x00, 0x3b, 0xd9, 0xff, 0x5f, 0x3b, 0xd9, 0xff, 0xff,
    0x3b, 0xd9, 0xff, 0xc2, 0x46, 0xd1, 0xff, 0x0b, 0xff, 0xff, 0xff, 0x00,
    0xff, 0xff, 0xff, 0x00, 0x40, 0xbf, 0xff, 0x04, 0xff, 0xff, 0xff, 0x00,
    0xff, 0xff, 0xff, 0x00, 0xff, 0xff, 0xff, 0x00, 0xff, 0xff, 0xff, 0x00,
    0xff, 0xff, 0xff, 0x00, 0xff, 0xff, 0xff, 0x00, 0xff, 0xff, 0xff, 0x00,
    0xff, 0xff, 0xff, 0x00, 0xff, 0xff, 0xff, 0x00, 0xff, 0xff, 0xff, 0x00,
    0xff, 0xff, 0xff, 0x00, 0xff, 0xff, 0xff, 0x00, 0xff, 0xff, 0xff, 0x00,
    0xff, 0xff, 0xff, 0x00, 0xff, 0xff, 0xff, 0x00, 0xff, 0xff, 0xff, 0x00,
    0xff, 0xff, 0xff, 0x00, 0xff, 0xff, 0xff, 0x00, 0xff, 0xff, 0xff, 0x00,
    0xff, 0xff, 0xff, 0x00, 0xff, 0xff, 0xff, 0x00, 0xff, 0xff, 0xff, 0x00,
    0xff, 0xff, 0xff, 0x00, 0xff, 0xff, 0xff, 0x00, 0xff, 0xff, 0xff, 0x00,
    0xff, 0xff, 0xff, 0x00, 0xff, 0xff, 0xff, 0x00, 0xff, 0xff, 0xff, 0x00,
    0xff, 0xff, 0xff, 0x00, 0xff, 0xff, 0xff, 0x00, 0xff, 0xff, 0xff, 0x00,
    0xff, 0xff, 0xff, 0x00, 0xff, 0xff, 0xff, 0x00, 0xff, 0xff, 0xff, 0x00,
    0xff, 0xff, 0xff, 0x00, 0xff, 0xff, 0xff, 0x00, 0xff, 0xff, 0xff, 0x00,
    0xff, 0xff, 0xff, 0x00, 0xff, 0xff, 0xff, 0x00, 0xff, 0xff, 0xff, 0x00,
    0xff, 0xff, 0xff, 0x00, 0x3c, 0xd7, 0xff, 0x33, 0x3d, 0xd9, 0xff, 0x50,
    0xff, 0xff, 0xff, 0x00, 0xff, 0xff, 0xff, 0x00, 0xff, 0xff, 0xff, 0x00,
    0xff, 0xff, 0xff, 0x00, 0xff, 0xff, 0xff, 0x00, 0x3b, 0xd9, 0xff, 0xba,
    0x3b, 0xd9, 0xff, 0xff, 0x3b, 0xda, 0xff, 0xaa, 0xff, 0xff, 0xff, 0x00,
    0xff, 0xff, 0xff, 0x00, 0x3a, 0xda, 0xff, 0x30, 0x3b, 0xd9, 0xff, 0xff,
    0x3b, 0xda, 0xff, 0x75, 0xff, 0xff, 0xff, 0x00, 0x00, 0xff, 0xff, 0x01,
    0x3c, 0xd9, 0xff, 0xc9, 0x3b, 0xd9, 0xff, 0xff, 0x3b, 0xd9, 0xff, 0xbd,
    0x39, 0xe3, 0xff, 0x09, 0xff, 0xff, 0xff, 0x00, 0xff, 0xff, 0xff, 0x00,
    0xff, 0xff, 0xff, 0x00, 0xff, 0xff, 0xff, 0x00, 0xff, 0xff, 0xff, 0x00,
    0xff, 0xff, 0xff, 0x00, 0xff, 0xff, 0xff, 0x00, 0xff, 0xff, 0xff, 0x00,
    0xff, 0xff, 0xff, 0x00, 0xff, 0xff, 0xff, 0x00, 0xff, 0xff, 0xff, 0x00,
    0xff, 0xff, 0xff, 0x00, 0xff, 0xff, 0xff, 0x00, 0xff, 0xff, 0xff, 0x00,
    0xff, 0xff, 0xff, 0x00, 0xff, 0xff, 0xff, 0x00, 0xff, 0xff, 0xff, 0x00,
    0xff, 0xff, 0xff, 0x00, 0xff, 0xff, 0xff, 0x00, 0xff, 0xff, 0xff, 0x00,
    0xff, 0xff, 0xff, 0x00, 0xff, 0xff, 0xff, 0x00, 0xff, 0xff, 0xff, 0x00,
    0xff, 0xff, 0xff, 0x00, 0xff, 0xff, 0xff, 0x00, 0xff, 0xff, 0xff, 0x00,
    0xff, 0xff, 0xff, 0x00, 0xff, 0xff, 0xff, 0x00, 0xff, 0xff, 0xff, 0x00,
    0xff, 0xff, 0xff, 0x00, 0xff, 0xff, 0xff, 0x00, 0xff, 0xff, 0xff, 0x00,
    0xff, 0xff, 0xff, 0x00, 0xff, 0xff, 0xff, 0x00, 0xff, 0xff, 0xff, 0x00,
    0xff, 0xff, 0xff, 0x00, 0xff, 0xff, 0xff, 0x00, 0xff, 0xff, 0xff, 0x00,
    0xff, 0xff, 0xff, 0x00, 0xff, 0xff, 0xff, 0x00, 0xff, 0xff, 0xff, 0x00,
    0xff, 0xff, 0xff, 0x00, 0xff, 0xff, 0xff, 0x00, 0xff, 0xff, 0xff, 0x00,
    0xff, 0xff, 0xff, 0x00, 0xff, 0xff, 0xff, 0x00, 0xff, 0xff, 0xff, 0x00,
    0xff, 0xff, 0xff, 0x00, 0xff, 0xff, 0xff, 0x00, 0x3d, 0xd6, 0xff, 0x19,
    0x3b, 0xd9, 0xff, 0xfd, 0x3b, 0xd9, 0xff, 0xff, 0x3c, 0xd8, 0xff, 0x77,
    0xff, 0xff, 0xff, 0x00, 0xff, 0xff, 0xff, 0x00, 0x3a, 0xd8, 0xff, 0x42,
    0x3b, 0xd9, 0xff, 0xff, 0x3b, 0xd9, 0xff, 0xb6, 0xff, 0xff, 0xff, 0x00,
    0xff, 0xff, 0xff, 0x00, 0x3b, 0xd8, 0xff, 0x34, 0x3b, 0xd9, 0xff, 0xfd,
    0x3b, 0xd9, 0xff, 0xff, 0x3c, 0xda, 0xff, 0xb8, 0x49, 0xdb, 0xff, 0x07,
    0xff, 0xff, 0xff, 0x00, 0xff, 0xff, 0xff, 0x00, 0xff, 0xff, 0xff, 0x00,
    0xff, 0xff, 0xff, 0x00, 0xff, 0xff, 0xff, 0x00, 0xff, 0xff, 0xff, 0x00,
    0xff, 0xff, 0xff, 0x00, 0xff, 0xff, 0xff, 0x00, 0xff, 0xff, 0xff, 0x00,
    0xff, 0xff, 0xff, 0x00, 0xff, 0xff, 0xff, 0x00, 0xff, 0xff, 0xff, 0x00,
    0xff, 0xff, 0xff, 0x00, 0xff, 0xff, 0xff, 0x00, 0xff, 0xff, 0xff, 0x00,
    0xff, 0xff, 0xff, 0x00, 0xff, 0xff, 0xff, 0x00, 0xff, 0xff, 0xff, 0x00,
    0xff, 0xff, 0xff, 0x00, 0xff, 0xff, 0xff, 0x00, 0xff, 0xff, 0xff, 0x00,
    0xff, 0xff, 0xff, 0x00, 0xff, 0xff, 0xff, 0x00, 0xff, 0xff, 0xff, 0x00,
    0xff, 0xff, 0xff, 0x00, 0xff, 0xff, 0xff, 0x00, 0xff, 0xff, 0xff, 0x00,
    0xff, 0xff, 0xff, 0x00, 0xff, 0xff, 0xff, 0x00, 0xff, 0xff, 0xff, 0x00,
    0xff, 0xff, 0xff, 0x00, 0xff, 0xff, 0xff, 0x00, 0xff, 0xff, 0xff, 0x00,
    0xff, 0xff, 0xff, 0x00, 0xff, 0xff, 0xff, 0x00, 0xff, 0xff, 0xff, 0x00,
    0xff, 0xff, 0xff, 0x00, 0xff, 0xff, 0xff, 0x00, 0xff, 0xff, 0xff, 0x00,
    0xff, 0xff, 0xff, 0x00, 0xff, 0xff, 0xff, 0x00, 0xff, 0xff, 0xff, 0x00,
    0xff, 0xff, 0xff, 0x00, 0xff, 0xff, 0xff, 0x00, 0xff, 0xff, 0xff, 0x00,
    0xff, 0xff, 0xff, 0x00, 0xff, 0xff, 0xff, 0x00, 0xff, 0xff, 0xff, 0x00,
    0x3b, 0xd8, 0xff, 0x0d, 0x3b, 0xd9, 0xff, 0x6c, 0x3b, 0xd9, 0xff, 0xca,
    0x3d, 0xd9, 0xff, 0x43, 0xff, 0xff, 0xff, 0x00, 0xff, 0xff, 0xff, 0x00,
    0x3a, 0xda, 0xff, 0x53, 0x3b, 0xd9, 0xff, 0xff, 0x3b, 0xd9, 0xff, 0xf2,
    0x40, 0xbf, 0xff, 0x04, 0xff, 0xff, 0xff, 0x00, 0xff, 0xff, 0xff, 0x00,
    0x3a, 0xd9, 0xff, 0x99, 0x3b, 0xd9, 0xff, 0xff, 0x3b, 0xd9, 0xff, 0xff,
    0x3a, 0xd9, 0xff, 0xb3, 0x33, 0xcc, 0xff, 0x05, 0xff, 0xff, 0xff, 0x00,
    0xff, 0xff, 0xff, 0x00, 0xff, 0xff, 0xff, 0x00, 0xff, 0xff, 0xff, 0x00,
    0xff, 0xff, 0xff, 0x00, 0xff, 0xff, 0xff, 0x00, 0xff, 0xff, 0xff, 0x00,
    0xff, 0xff, 0xff, 0x00, 0xff, 0xff, 0xff, 0x00, 0xff, 0xff, 0xff, 0x00,
    0xff, 0xff, 0xff, 0x00, 0xff, 0xff, 0xff, 0x00, 0xff, 0xff, 0xff, 0x00,
    0xff, 0xff, 0xff, 0x00, 0xff, 0xff, 0xff, 0x00, 0xff, 0xff, 0xff, 0x00,
    0xff, 0xff, 0xff, 0x00, 0xff, 0xff, 0xff, 0x00, 0xff, 0xff, 0xff, 0x00,
    0xff, 0xff, 0xff, 0x00, 0xff, 0xff, 0xff, 0x00, 0xff, 0xff, 0xff, 0x00,
    0xff, 0xff, 0xff, 0x00, 0xff, 0xff, 0xff, 0x00, 0xff, 0xff, 0xff, 0x00,
    0xff, 0xff, 0xff, 0x00, 0xff, 0xff, 0xff, 0x00, 0xff, 0xff, 0xff, 0x00,
    0xff, 0xff, 0xff, 0x00, 0xff, 0xff, 0xff, 0x00, 0xff, 0xff, 0xff, 0x00,
    0xff, 0xff, 0xff, 0x00, 0xff, 0xff, 0xff, 0x00, 0xff, 0xff, 0xff, 0x00,
    0xff, 0xff, 0xff, 0x00, 0xff, 0xff, 0xff, 0x00, 0xff, 0xff, 0xff, 0x00,
    0xff, 0xff, 0xff, 0x00, 0xff, 0xff, 0xff, 0x00, 0xff, 0xff, 0xff, 0x00,
    0xff, 0xff, 0xff, 0x00, 0xff, 0xff, 0xff, 0x00, 0xff, 0xff, 0xff, 0x00,
    0xff, 0xff, 0xff, 0x00, 0xff, 0xff, 0xff, 0x00, 0xff, 0xff, 0xff, 0x00,
    0xff, 0xff, 0xff, 0x00, 0xff, 0xff, 0xff, 0x00, 0xff, 0xff, 0xff, 0x00,
    0xff, 0xff, 0xff, 0x00, 0xff, 0xff, 0xff, 0x00, 0xff, 0xff, 0xff, 0x00,
    0xff, 0xff, 0xff, 0x00, 0x3a, 0xd9, 0xff, 0x65, 0x3b, 0xd9, 0xff, 0xff,
    0x3b, 0xd9, 0xff, 0xff, 0x3b, 0xdb, 0xff, 0x38, 0xff, 0xff, 0xff, 0x00,
    0xff, 0xff, 0xff, 0x00, 0x36, 0xd7, 0xff, 0x13, 0x3b, 0xd9, 0xff, 0xed,
    0x3b, 0xd9, 0xff, 0xff, 0x3b, 0xd9, 0xff, 0xff, 0x3b, 0xd9, 0xff, 0xae,
    0x55, 0xff, 0xff, 0x03, 0xff, 0xff, 0xff, 0x00, 0xff, 0xff, 0xff, 0x00,
    0xff, 0xff, 0xff, 0x00, 0xff, 0xff, 0xff, 0x00, 0xff, 0xff, 0xff, 0x00,
    0xff, 0xff, 0xff, 0x00, 0xff, 0xff, 0xff, 0x00, 0xff, 0xff, 0xff, 0x00,
    0xff, 0xff, 0xff, 0x00, 0xff, 0xff, 0xff, 0x00, 0xff, 0xff, 0xff, 0x00,
    0xff, 0xff, 0xff, 0x00, 0xff, 0xff, 0xff, 0x00, 0xf4, 0xee, 0xe9, 0x2e,
    0xf3, 0xef, 0xe7, 0x40, 0xf3, 0xef, 0xe7, 0x40, 0xf3, 0xef, 0xe7, 0x41,
    0xf3, 0xf0, 0xe8, 0x42, 0xf3, 0xf0, 0xe8, 0x42, 0xf4, 0xf0, 0xe8, 0x43,
    0xf4, 0xf0, 0xe8, 0x43, 0xf4, 0xf0, 0xe9, 0x44, 0xf4, 0xf0, 0xe9, 0x44,
    0xf4, 0xf0, 0xe9, 0x45, 0xf4, 0xf0, 0xe9, 0x45, 0xf4, 0xf0, 0xe9, 0x46,
    0xf4, 0xf0, 0xe9, 0x46, 0xf4, 0xf1, 0xe9, 0x47, 0xf4, 0xf1, 0xe9, 0x47,
    0xf4, 0xed, 0xea, 0x48, 0xf4, 0xed, 0xea, 0x48, 0xf5, 0xee, 0xea, 0x49,
    0xf5, 0xee, 0xea, 0x49, 0xf5, 0xee, 0xea, 0x4a, 0xf5, 0xee, 0xeb, 0x4b,
    0xf5, 0xee, 0xeb, 0x4b, 0xf5, 0xee, 0xe8, 0x4c, 0xf5, 0xee, 0xe8, 0x4c,
    0xf5, 0xee, 0xe8, 0x4d, 0xf5, 0xee, 0xe8, 0x4d, 0xf5, 0xef, 0xe8, 0x4e,
    0xf5, 0xef, 0xe8, 0x4e, 0xf5, 0xef, 0xe8, 0x4f, 0xf5, 0xef, 0xe8, 0x4e,
    0xf5, 0xeb, 0xeb, 0x1a, 0xff, 0xff, 0xff, 0x00, 0xff, 0xff, 0xff, 0x00,
    0xff, 0xff, 0xff, 0x00, 0xff, 0xff, 0xff, 0x00, 0xff, 0xff, 0xff, 0x00,
    0xff, 0xff, 0xff, 0x00, 0xff, 0xff, 0xff, 0x00, 0x3c, 0xd8, 0xff, 0x77,
    0x3b, 0xd9, 0xff, 0xff, 0x3b, 0xd9, 0xff, 0xff, 0x3b, 0xd9, 0xff, 0x79,
    0xff, 0xff, 0xff, 0x00, 0xff, 0xff, 0xff, 0x00, 0xff, 0xff, 0xff, 0x00,
    0x3b, 0xda, 0xff, 0x67, 0x3b, 0xd9, 0xff, 0xff, 0x3b, 0xd9, 0xff, 0xff,
    0x3b, 0xd9, 0xff, 0x87, 0xff, 0xff, 0xff, 0x00, 0xff, 0xff, 0xff, 0x00,
    0xff, 0xff, 0xff, 0x00, 0xff, 0xff, 0xff, 0x00, 0xff, 0xff, 0xff, 0x00,
    0xff, 0xff, 0xff, 0x00, 0xff, 0xff, 0xff, 0x00, 0xff, 0xff, 0xff, 0x00,
    0xff, 0xff, 0xff, 0x00, 0xff, 0xff, 0xff, 0x00, 0xff, 0xff, 0xff, 0x00,
    0xff, 0xff, 0xff, 0x00, 0xff, 0xff, 0xdb, 0x07, 0xf3, 0xf0, 0xe9, 0xc6,
    0xf2, 0xeb, 0xe2, 0xff, 0xf1, 0xe9, 0xdf, 0xff, 0xf1, 0xe8, 0xde, 0xff,
    0xf1, 0xe8, 0xde, 0xff, 0xf1, 0xe8, 0xdd, 0xff, 0xf1, 0xe8, 0xdd, 0xff,
    0xf0, 0xe8, 0xdd, 0xff, 0xf3, 0xec, 0xe5, 0xff, 0xf2, 0xeb, 0xe2, 0xff,
    0xf0, 0xe7, 0xdc, 0xff, 0xf0, 0xe7, 0xdb, 0xff, 0xf0, 0xe7, 0xdb, 0xff,
    0xf0, 0xe7, 0xdb, 0xff, 0xf0, 0xe7, 0xdb, 0xff, 0xf0, 0xe6, 0xda, 0xff,
    0xf3, 0xec, 0xe5, 0xff, 0xf1, 0xe9, 0xdf, 0xff, 0xef, 0xe6, 0xd9, 0xff,
    0xef, 0xe5, 0xd9, 0xff, 0xef, 0xe5, 0xd9, 0xff, 0xef, 0xe5, 0xd8, 0xff,
    0xef, 0xe5, 0xd8, 0xff, 0xf0, 0xe6, 0xd9, 0xff, 0xf3, 0xec, 0xe4, 0xff,
    0xf0, 0xe7, 0xdc, 0xff, 0xee, 0xe4, 0xd6, 0xff, 0xee, 0xe4, 0xd6, 0xff,
    0xee, 0xe3, 0xd5, 0xff, 0xee, 0xe3, 0xd5, 0xff, 0xee, 0xe3, 0xd5, 0xff,
    0xee, 0xe3, 0xd5, 0xff, 0xf3, 0xed, 0xe6, 0xfe, 0xf3, 0xf0, 0xe8, 0x57,
    0xff, 0xff, 0xff, 0x00, 0xff, 0xff, 0xff, 0x00, 0xff, 0xff, 0xff, 0x00,
    0xff, 0xff, 0xff, 0x00, 0xff, 0xff, 0xff, 0x00, 0xff, 0xff, 0xff, 0x00,
    0x3a, 0xd9, 0xff, 0x35, 0x3a, 0xda, 0xff, 0x53, 0x3c, 0xda, 0xff, 0x37,
    0x40, 0xd9, 0xff, 0x14, 0xff, 0xff, 0xff, 0x00, 0xff, 0xff, 0xff, 0x00,
    0xff, 0xff, 0xff, 0x00, 0x00, 0xff, 0xff, 0x02, 0x3b, 0xda, 0xff, 0xcc,
    0x3b, 0xd9, 0xff, 0x7a, 0xff, 0xff, 0xff, 0x00, 0xff, 0xff, 0xff, 0x00,
    0xff, 0xff, 0xff, 0x00, 0xff, 0xff, 0xff, 0x00, 0xff, 0xff, 0xff, 0x00,
    0xff, 0xff, 0xff, 0x00, 0xff, 0xff, 0xff, 0x00, 0xff, 0xff, 0xff, 0x00,
    0xff, 0xff, 0xff, 0x00, 0xff, 0xff, 0xff, 0x00, 0xff, 0xff, 0xff, 0x00,
    0xff, 0xff, 0xff, 0x00, 0xff, 0xff, 0xff, 0x00, 0xf3, 0xef, 0xea, 0x6e,
    0xf4, 0xef, 0xe9, 0xff, 0xcc, 0x9f, 0x60, 0xff, 0xc3, 0x8d, 0x42, 0xff,
    0xc3, 0x8d, 0x42, 0xff, 0xc3, 0x8d, 0x42, 0xff, 0xc3, 0x8d, 0x42, 0xff,
    0xc3, 0x8d, 0x42, 0xff, 0xc6, 0x94, 0x4e, 0xff, 0xf4, 0xef, 0xe9, 0xff,
    0xdd, 0xc1, 0x9b, 0xff, 0xc3, 0x8d, 0x42, 0xff, 0xc3, 0x8d, 0x42, 0xff,
    0xc3, 0x8d, 0x42, 0xff, 0xc3, 0x8d, 0x42, 0xff, 0xc3, 0x8d, 0x42, 0xff,
    0xc5, 0x92, 0x4a, 0xff, 0xf4, 0xef, 0xe9, 0xff, 0xde, 0xc4, 0x9f, 0xff,
    0xc3, 0x8d, 0x42, 0xff, 0xc3, 0x8d, 0x42, 0xff, 0xc3, 0x8d, 0x42, 0xff,
    0xc3, 0x8d, 0x42, 0xff, 0xc3, 0x8d, 0x42, 0xff, 0xc5, 0x90, 0x47, 0xff,
    0xf4, 0xee, 0xe8, 0xff, 0xde, 0xc4, 0x9f, 0xff, 0xc3, 0x8d, 0x42, 0xff,
    0xc3, 0x8d, 0x42, 0xff, 0xc3, 0x8d, 0x42, 0xff, 0xc3, 0x8d, 0x42, 0xff,
    0xc3, 0x8d, 0x42, 0xff, 0xc3, 0x8d, 0x42, 0xff, 0xe3, 0xce, 0xb0, 0xff,
    0xf4, 0xef, 0xe9, 0xe9, 0xff, 0xff, 0xff, 0x05, 0xff, 0xff, 0xff, 0x00,
    0xff, 0xff, 0xff, 0x00, 0xff, 0xff, 0xff, 0x00, 0xff, 0xff, 0xff, 0x00,
    0xff, 0xff, 0xff, 0x00, 0xff, 0xff, 0xff, 0x00, 0xff, 0xff, 0xff, 0x00,
    0xff, 0xff, 0xff, 0x00, 0xff, 0xff, 0xff, 0x00, 0xff, 0xff, 0xff, 0x00,
    0xff, 0xff, 0xff, 0x00, 0xff, 0xff, 0xff, 0x00, 0xff, 0xff, 0xff, 0x00,
    0x40, 0xdf, 0xff, 0x10, 0xff, 0xff, 0xff, 0x00, 0xff, 0xff, 0xff, 0x00,
    0xff, 0xff, 0xff, 0x00, 0xff, 0xff, 0xff, 0x00, 0xff, 0xff, 0xff, 0x00,
    0xff, 0xff, 0xff, 0x00, 0xff, 0xff, 0xff, 0x00, 0xff, 0xff, 0xff, 0x00,
    0xff, 0xff, 0xff, 0x00, 0xff, 0xff, 0xff, 0x00, 0xff, 0xff, 0xff, 0x00,
    0xff, 0xff, 0xff, 0x00, 0xff, 0xff, 0xff, 0x00, 0xff, 0xff, 0xff, 0x00,
    0xf4, 0xef, 0xe9, 0xd0, 0xec, 0xdf, 0xce, 0xff, 0xc3, 0x8d, 0x42, 0xff,
    0xc3, 0x8d, 0x42, 0xff, 0xc3, 0x8d, 0x42, 0xff, 0xc3, 0x8d, 0x42, 0xff,
    0xc3, 0x8d, 0x42, 0xff, 0xc3, 0x8d, 0x42, 0xff, 0xd0, 0xa7, 0x6e, 0xff,
    0xf4, 0xef, 0xe9, 0xff, 0xd5, 0xb2, 0x81, 0xff, 0xc3, 0x8d, 0x42, 0xff,
    0xc3, 0x8d, 0x42, 0xff, 0xc3, 0x8d, 0x42, 0xff, 0xc3, 0x8d, 0x42, 0xff,
    0xc3, 0x8d, 0x42, 0xff, 0xc6, 0x93, 0x4c, 0xff, 0xf4, 0xef, 0xe9, 0xff,
    0xdf, 0xc5, 0xa2, 0xff, 0xc3, 0x8d, 0x42, 0xff, 0xc3, 0x8d, 0x42, 0xff,
    0xc3, 0x8d, 0x42, 0xff, 0xc3, 0x8d, 0x42, 0xff, 0xc3, 0x8d, 0x42, 0xff,
    0xc3, 0x8d, 0x42, 0xff, 0xed, 0xe1, 0xd1, 0xff, 0xe8, 0xd7, 0xc0, 0xff,
    0xc3, 0x8d, 0x42, 0xff, 0xc3, 0x8d, 0x42, 0xff, 0xc3, 0x8d, 0x42, 0xff,
    0xc3, 0x8d, 0x42, 0xff, 0xc3, 0x8d, 0x42, 0xff, 0xc3, 0x8d, 0x42, 0xff,
    0xd2, 0xab, 0x75, 0xff, 0xf4, 0xef, 0xe9, 0xff, 0xf5, 0xef, 0xe9, 0x50,
    0xff, 0xff, 0xff, 0x00, 0xff, 0xff, 0xff, 0x00, 0xff, 0xff, 0xff, 0x00,
    0xff, 0xff, 0xff, 0x00, 0xff, 0xff, 0xff, 0x00, 0xff, 0xff, 0xff, 0x00,
    0xff, 0xff, 0xff, 0x00, 0xff, 0xff, 0xff, 0x00, 0xff, 0xff, 0xff, 0x00,
    0xff, 0xff, 0xff, 0x00, 0xff, 0xff, 0xff, 0x00, 0xff, 0xff, 0xff, 0x00,
    0xff, 0xff, 0xff, 0x00, 0xff, 0xff, 0xff, 0x00, 0xff, 0xff, 0xff, 0x00,
    0xff, 0xff, 0xff, 0x00, 0xff, 0xff, 0xff, 0x00, 0xff, 0xff, 0xff, 0x00,
    0xff, 0xff, 0xff, 0x00, 0xff, 0xff, 0xff, 0x00, 0xff, 0xff, 0xff, 0x00,
    0xff, 0xff, 0xff, 0x00, 0xff, 0xff, 0xff, 0x00, 0xff, 0xff, 0xff, 0x00,
    0xff, 0xff, 0xff, 0x00, 0xff, 0xff, 0xff, 0x00, 0xff, 0xff, 0xff, 0x00,
    0xf5, 0xef, 0xea, 0x31, 0xf4, 0xef, 0xe9, 0xff, 0xdb, 0xbd, 0x95, 0xff,
    0xc3, 0x8d, 0x42, 0xff, 0xc3, 0x8d, 0x42, 0xff, 0xc3, 0x8d, 0x42, 0xff,
    0xc3, 0x8d, 0x42, 0xff, 0xc3, 0x8d, 0x42, 0xff, 0xc3, 0x8d, 0x42, 0xff,
    0xd9, 0xba, 0x8e, 0xff, 0xf4, 0xef, 0xe9, 0xff, 0xce, 0xa3, 0x67, 0xff,
    0xc3, 0x8d, 0x42, 0xff, 0xc3, 0x8d, 0x42, 0xff, 0xc3, 0x8d, 0x42, 0xff,
    0xc3, 0x8d, 0x42, 0xff, 0xc3, 0x8d, 0x42, 0xff, 0xc7, 0x95, 0x4f, 0xff,
    0xf4, 0xef, 0xe9, 0xff, 0xe0, 0xc7, 0xa6, 0xff, 0xc3, 0x8d, 0x42, 0xff,
    0xc3, 0x8d, 0x42, 0xff, 0xc3, 0x8d, 0x42, 0xff, 0xc3, 0x8d, 0x42, 0xff,
    0xc3, 0x8d, 0x42, 0xff, 0xc3, 0x8d, 0x42, 0xff, 0xe5, 0xd1, 0xb6, 0xff,
    0xf2, 0xea, 0xe0, 0xff, 0xc3, 0x8d, 0x43, 0xff, 0xc3, 0x8d, 0x42, 0xff,
    0xc3, 0x8d, 0x42, 0xff, 0xc3, 0x8d, 0x42, 0xff, 0xc3, 0x8d, 0x42, 0xff,
    0xc3, 0x8d, 0x42, 0xff, 0xc4, 0x8f, 0x46, 0xff, 0xf1, 0xe9, 0xdf, 0xff,
    0xf4, 0xef, 0xea, 0xb3, 0xff, 0xff, 0xff, 0x00, 0xff, 0xff, 0xff, 0x00,
    0xff, 0xff, 0xff, 0x00, 0xff, 0xff, 0xff, 0x00, 0xff, 0xff, 0xff, 0x00,
    0xff, 0xff, 0xff, 0x00, 0xff, 0xff, 0xff, 0x00, 0xff, 0xff, 0xff, 0x00,
    0xff, 0xff, 0xff, 0x00, 0xff, 0xff, 0xff, 0x00, 0xff, 0xff, 0xff, 0x00,
    0xff, 0xff, 0xff, 0x00, 0xff, 0xff, 0xff, 0x00, 0xff, 0xff, 0xff, 0x00,
    0xff, 0xff, 0xff, 0x00, 0xff, 0xff, 0xff, 0x00, 0xff, 0xff, 0xff, 0x00,
    0xff, 0xff, 0xff, 0x00, 0xff, 0xff, 0xff, 0x00, 0xff, 0xff, 0xff, 0x00,
    0xff, 0xff, 0xff, 0x00, 0xff, 0xff, 0xff, 0x00, 0xff, 0xff, 0xff, 0x00,
    0xff, 0xff, 0xff, 0x00, 0xff, 0xff, 0xff, 0x00, 0xff, 0xff, 0xff, 0x00,
    0xff, 0xff, 0xff, 0x00, 0xf5, 0xef, 0xe8, 0x92, 0xf4, 0xef, 0xe9, 0xff,
    0xca, 0x9c, 0x5b, 0xff, 0xc3, 0x8d, 0x42, 0xff, 0xc3, 0x8d, 0x42, 0xff,
    0xc3, 0x8d, 0x42, 0xff, 0xc3, 0x8d, 0x42, 0xff, 0xc3, 0x8d, 0x42, 0xff,
    0xc3, 0x8d, 0x42, 0xff, 0xe3, 0xcd, 0xaf, 0xff, 0xf4, 0xef, 0xe9, 0xff,
    0xc6, 0x93, 0x4c, 0xff, 0xc3, 0x8d, 0x42, 0xff, 0xc3, 0x8d, 0x42, 0xff,
    0xc3, 0x8d, 0x42, 0xff, 0xc3, 0x8d, 0x42, 0xff, 0xc3, 0x8d, 0x42, 0xff,
    0xc8, 0x96, 0x52, 0xff, 0xf4, 0xef, 0xe9, 0xff, 0xe1, 0xca, 0xa9, 0xff,
    0xc3, 0x8d, 0x42, 0xff, 0xc3, 0x8d, 0x42, 0xff, 0xc3, 0x8d, 0x42, 0xff,
    0xc3, 0x8d, 0x42, 0xff, 0xc3, 0x8d, 0x42, 0xff, 0xc3, 0x8d, 0x42, 0xff,
    0xdd, 0xc1, 0x9b, 0xff, 0xf4, 0xef, 0xe9, 0xff, 0xca, 0x9c, 0x5c, 0xff,
    0xc3, 0x8d, 0x42, 0xff, 0xc3, 0x8d, 0x42, 0xff, 0xc3, 0x8d, 0x42, 0xff,
    0xc3, 0x8d, 0x42, 0xff, 0xc3, 0x8d, 0x42, 0xff, 0xc3, 0x8d, 0x42, 0xff,
    0xe1, 0xc9, 0xa8, 0xff, 0xf4, 0xef, 0xe9, 0xfc, 0xf5, 0xeb, 0xeb, 0x19,
    0xff, 0xff, 0xff, 0x00, 0xff, 0xff, 0xff, 0x00, 0xff, 0xff, 0xff, 0x00,
    0xff, 0xff, 0xff, 0x00, 0xff, 0xff, 0xff, 0x00, 0xff, 0xff, 0xff, 0x00,
    0xff, 0xff, 0xff, 0x00, 0xff, 0xff, 0xff, 0x00, 0xff, 0xff, 0xff, 0x00,
    0xff, 0xff, 0xff, 0x00, 0xff, 0xff, 0xff, 0x00, 0xff, 0xff, 0xff, 0x00,
    0xff, 0xff, 0xff, 0x00, 0xff, 0xff, 0xff, 0x00, 0xff, 0xff, 0xff, 0x00,
    0xff, 0xff, 0xff, 0x00, 0xff, 0xff, 0xff, 0x00, 0xff, 0xff, 0xff, 0x00,
    0xff, 0xff, 0xff, 0x00, 0xff, 0xff, 0xff, 0x00, 0xff, 0xff, 0xff, 0x00,
    0xff, 0xff, 0xff, 0x00, 0xff, 0xff, 0xff, 0x00, 0xff, 0xff, 0xff, 0x00,
    0xff, 0xff, 0xff, 0x00, 0xff, 0xff, 0xd5, 0x06, 0xf4, 0xef, 0xe9, 0xec,
    0xeb, 0xdc, 0xc9, 0xff, 0xc3, 0x8d, 0x42, 0xff, 0xc3, 0x8d, 0x42, 0xff,
    0xc3, 0x8d, 0x42, 0xff, 0xc3, 0x8d, 0x42, 0xff, 0xc3, 0x8d, 0x42, 0xff,
    0xc3, 0x8d, 0x42, 0xff, 0xc3, 0x8d, 0x42, 0xff, 0xec, 0xe0, 0xcf, 0xff,
    0xef, 0xe6, 0xd9, 0xff, 0xc3, 0x8d, 0x42, 0xff, 0xc3, 0x8d, 0x42, 0xff,
    0xc3, 0x8d, 0x42, 0xff, 0xc3, 0x8d, 0x43, 0xff, 0xc3, 0x8d, 0x43, 0xff,
    0xc3, 0x8e, 0x43, 0xff, 0xc9, 0x98, 0x55, 0xff, 0xf4, 0xef, 0xe9, 0xff,
    0xe3, 0xcc, 0xae, 0xff, 0xc4, 0x8f, 0x45, 0xff, 0xc4, 0x8f, 0x45, 0xff,
    0xc4, 0x8f, 0x46, 0xff, 0xc4, 0x90, 0x47, 0xff, 0xc4, 0x90, 0x47, 0xff,
    0xc5, 0x90, 0x47, 0xff, 0xd6, 0xb3, 0x83, 0xff, 0xf4, 0xef, 0xe9, 0xff,
    0xd6, 0xb2, 0x81, 0xff, 0xc5, 0x91, 0x49, 0xff, 0xc5, 0x91, 0x49, 0xff,
    0xc5, 0x92, 0x4a, 0xff, 0xc5, 0x92, 0x4a, 0xff, 0xc5, 0x92, 0x4b, 0xff,
    0xc5, 0x92, 0x4b, 0xff, 0xd2, 0xab, 0x75, 0xff, 0xf4, 0xef, 0xe9, 0xff,
    0xf5, 0xef, 0xeb, 0x7d, 0xff, 0xff, 0xff, 0x00, 0xff, 0xff, 0xff, 0x00,
    0xff, 0xff, 0xff, 0x00, 0xff, 0xff, 0xff, 0x00, 0xff, 0xff, 0xff, 0x00,
    0xff, 0xff, 0xff, 0x00, 0xff, 0xff, 0xff, 0x00, 0xff, 0xff, 0xff, 0x00,
    0xff, 0xff, 0xff, 0x00, 0xff, 0xff, 0xff, 0x00, 0xff, 0xff, 0xff, 0x00,
    0xff, 0xff, 0xff, 0x00, 0xff, 0xff, 0xff, 0x00, 0xff, 0xff, 0xff, 0x00,
    0xff, 0xff, 0xff, 0x00, 0xff, 0xff, 0xff, 0x00, 0xff, 0xff, 0xff, 0x00,
    0xff, 0xff, 0xff, 0x00, 0xff, 0xff, 0xff, 0x00, 0xff, 0xff, 0xff, 0x00,
    0xff, 0xff, 0xff, 0x00, 0xff, 0xff, 0xff, 0x00, 0xff, 0xff, 0xff, 0x00,
    0xff, 0xff, 0xff, 0x00, 0xff, 0xff, 0xff, 0x00, 0xf4, 0xee, 0xe9, 0x8b,
    0xf4, 0xef, 0xe9, 0xff, 0xf3, 0xee, 0xe7, 0xff, 0xf3, 0xed, 0xe5, 0xff,
    0xf3, 0xed, 0xe6, 0xff, 0xf3, 0xed, 0xe6, 0xff, 0xf3, 0xed, 0xe6, 0xff,
    0xf3, 0xee, 0xe7, 0xff, 0xf3, 0xee, 0xe7, 0xff, 0xf4, 0xee, 0xe8, 0xff,
    0xf4, 0xef, 0xe9, 0xff, 0xf4, 0xef, 0xe9, 0xff, 0xf4, 0xef, 0xe9, 0xff,
    0xf4, 0xef, 0xe9, 0xff, 0xf4, 0xef, 0xe9, 0xff, 0xf4, 0xef, 0xe9, 0xff,
    0xf4, 0xef, 0xe9, 0xff, 0xf4, 0xef, 0xe9, 0xff, 0xf4, 0xef, 0xe9, 0xff,
    0xf4, 0xef, 0xe9, 0xff, 0xf4, 0xef, 0xe9, 0xff, 0xf4, 0xef, 0xe9, 0xff,
    0xf4, 0xef, 0xe9, 0xff, 0xf4, 0xef, 0xe9, 0xff, 0xf4, 0xef, 0xe9, 0xff,
    0xf4, 0xef, 0xe9, 0xff, 0xf4, 0xef, 0xe9, 0xff, 0xf4, 0xef, 0xe9, 0xff,
    0xf4, 0xef, 0xe9, 0xff, 0xf4, 0xef, 0xe9, 0xff, 0xf4, 0xef, 0xe9, 0xff,
    0xf4, 0xef, 0xe9, 0xff, 0xf4, 0xef, 0xe9, 0xff, 0xf4, 0xef, 0xe9, 0xff,
    0xf4, 0xef, 0xe9, 0xff, 0xf4, 0xef, 0xe9, 0xff, 0xf4, 0xef, 0xe9, 0xff,
    0xf4, 0xef, 0xe9, 0xff, 0xf4, 0xef, 0xe9, 0xfa, 0xff, 0xff, 0xff, 0x00,
    0xff, 0xff, 0xff, 0x00, 0xff, 0xff, 0xff, 0x00, 0xff, 0xff, 0xff, 0x00,
    0xff, 0xff, 0xff, 0x00, 0xff, 0xff, 0xff, 0x00, 0xff, 0xff, 0xff, 0x00,
    0xff, 0xff, 0xff, 0x00, 0xff, 0xff, 0xff, 0x00, 0xff, 0xff, 0xff, 0x00,
    0xff, 0xff, 0xff, 0x00, 0xff, 0xff, 0xff, 0x00, 0xff, 0xff, 0xff, 0x00,
    0xff, 0xff, 0xff, 0x00, 0xff, 0xff, 0xff, 0x00, 0xff, 0xff, 0xff, 0x00,
    0xff, 0xff, 0xff, 0x00, 0xff, 0xff, 0xff, 0x00, 0xff, 0xff, 0xff, 0x00,
    0xff, 0xff, 0xff, 0x00, 0xff, 0xff, 0xff, 0x00, 0xff, 0xff, 0xff, 0x00,
    0xff, 0xff, 0xff, 0x00, 0xff, 0xff, 0xff, 0x00, 0xff, 0xff, 0xff, 0x00,
    0xf4, 0xef, 0xe8, 0xcf, 0xf4, 0xef, 0xe9, 0xff, 0xe1, 0xc9, 0xa8, 0xff,
    0xde, 0xc4, 0x9f, 0xff, 0xde, 0xc3, 0x9e, 0xff, 0xde, 0xc3, 0x9e, 0xff,
    0xde, 0xc3, 0x9e, 0xff, 0xde, 0xc2, 0x9d, 0xff, 0xde, 0xc2, 0x9c, 0xff,
    0xe3, 0xcc, 0xad, 0xff, 0xf4, 0xef, 0xe9, 0xff, 0xeb, 0xdd, 0xca, 0xff,
    0xdd, 0xc1, 0x9b, 0xff, 0xdd, 0xc1, 0x9a, 0xff, 0xdd, 0xc1, 0x9a, 0xff,
    0xdd, 0xc0, 0x9a, 0xff, 0xdd, 0xc0, 0x9a, 0xff, 0xdd, 0xc0, 0x99, 0xff,
    0xdf, 0xc6, 0xa3, 0xff, 0xf4, 0xef, 0xe9, 0xff, 0xec, 0xe0, 0xcf, 0xff,
    0xdc, 0xbf, 0x97, 0xff, 0xdc, 0xbf, 0x97, 0xff, 0xdc, 0xbf, 0x96, 0xff,
    0xdc, 0xbf, 0x96, 0xff, 0xdc, 0xbe, 0x96, 0xff, 0xdb, 0xbe, 0x95, 0xff,
    0xdc, 0xc0, 0x99, 0xff, 0xf4, 0xef, 0xe9, 0xff, 0xee, 0xe3, 0xd4, 0xff,
    0xdb, 0xbd, 0x94, 0xff, 0xdb, 0xbd, 0x93, 0xff, 0xdb, 0xbd, 0x93, 0xff,
    0xdb, 0xbc, 0x93, 0xff, 0xda, 0xbc, 0x92, 0xff, 0xda, 0xbc, 0x92, 0xff,
    0xda, 0xbc, 0x91, 0xff, 0xe9, 0xd8, 0xc3, 0xff, 0xf4, 0xef, 0xe9, 0xff,
    0xf4, 0xf1, 0xe9, 0x47, 0xff, 0xff, 0xff, 0x00, 0xff, 0xff, 0xff, 0x00,
    0xff, 0xff, 0xff, 0x00, 0xff, 0xff, 0xff, 0x00, 0xff, 0xff, 0xff, 0x00,
    0xff, 0xff, 0xff, 0x00, 0xff, 0xff, 0xff, 0x00, 0xff, 0xff, 0xff, 0x00,
    0xff, 0xff, 0xff, 0x00, 0xff, 0xff, 0xff, 0x00, 0xff, 0xff, 0xff, 0x00,
    0xff, 0xff, 0xff, 0x00, 0xff, 0xff, 0xff, 0x00, 0xff, 0xff, 0xff, 0x00,
    0xff, 0xff, 0xff, 0x00, 0xff, 0xff, 0xff, 0x00, 0xff, 0xff, 0xff, 0x00,
    0xff, 0xff, 0xff, 0x00, 0xff, 0xff, 0xff, 0x00, 0xff, 0xff, 0xff, 0x00,
    0xff, 0xff, 0xff, 0x00, 0xff, 0xff, 0xff, 0x00, 0xff, 0xff, 0xff, 0x00,
    0xf5, 0xeb, 0xeb, 0x1a, 0xf4, 0xef, 0xe9, 0xfc, 0xe9, 0xd9, 0xc4, 0xff,
    0xc3, 0x8d, 0x42, 0xff, 0xc3, 0x8d, 0x42, 0xff, 0xc3, 0x8d, 0x42, 0xff,
    0xc3, 0x8d, 0x42, 0xff, 0xc3, 0x8d, 0x42, 0xff, 0xc3, 0x8d, 0x42, 0xff,
    0xc3, 0x8d, 0x42, 0xff, 0xd7, 0xb6, 0x87, 0xff, 0xf4, 0xef, 0xe9, 0xff,
    0xd8, 0xb8, 0x8b, 0xff, 0xc3, 0x8d, 0x42, 0xff, 0xc3, 0x8d, 0x42, 0xff,
    0xc3, 0x8d, 0x42, 0xff, 0xc3, 0x8d, 0x42, 0xff, 0xc3, 0x8d, 0x42, 0xff,
    0xc3, 0x8d, 0x42, 0xff, 0xca, 0x9c, 0x5c, 0xff, 0xf4, 0xef, 0xe9, 0xff,
    0xe5, 0xd2, 0xb7, 0xff, 0xc3, 0x8d, 0x42, 0xff, 0xc3, 0x8d, 0x42, 0xff,
    0xc3, 0x8d, 0x42, 0xff, 0xc3, 0x8d, 0x42, 0xff, 0xc3, 0x8d, 0x42, 0xff,
    0xc3, 0x8d, 0x42, 0xff, 0xc3, 0x8d, 0x42, 0xff, 0xee, 0xe3, 0xd5, 0xff,
    0xf2, 0xea, 0xe0, 0xff, 0xc3, 0x8d, 0x43, 0xff, 0xc3, 0x8d, 0x42, 0xff,
    0xc3, 0x8d, 0x42, 0xff, 0xc3, 0x8d, 0x42, 0xff, 0xc3, 0x8d, 0x42, 0xff,
    0xc3, 0x8d, 0x42, 0xff, 0xc3, 0x8d, 0x42, 0xff, 0xce, 0xa2, 0x66, 0xff,
    0xf4, 0xef, 0xe9, 0xff, 0xf4, 0xef, 0xe9, 0x9f, 0xff, 0xff, 0xff, 0x00,
    0xff, 0xff, 0xff, 0x00, 0xff, 0xff, 0xff, 0x00, 0xff, 0xff, 0xff, 0x00,
    0xff, 0xff, 0xff, 0x00, 0xff, 0xff, 0xff, 0x00, 0xff, 0xff, 0xff, 0x00,
    0xff, 0xff, 0xff, 0x00, 0xff, 0xff, 0xff, 0x00, 0xff, 0xff, 0xff, 0x00,
    0xff, 0xff, 0xff, 0x00, 0xff, 0xff, 0xff, 0x00, 0xff, 0xff, 0xff, 0x00,
    0xff, 0xff, 0xff, 0x00, 0xff, 0xff, 0xff, 0x00, 0xff, 0xff, 0xff, 0x00,
    0xff, 0xff, 0xff, 0x00, 0xff, 0xff, 0xff, 0x00, 0xff, 0xff, 0xff, 0x00,
    0xff, 0xff, 0xff, 0x00, 0xff, 0xff, 0xff, 0x00, 0xff, 0xff, 0xff, 0x00,
    0xff, 0xff, 0xff, 0x00, 0xf4, 0xf0, 0xea, 0x77, 0xf4, 0xef, 0xe9, 0xff,
    0xd8, 0xb7, 0x8a, 0xff, 0xc3, 0x8d, 0x42, 0xff, 0xc3, 0x8d, 0x42, 0xff,
    0xc3, 0x8d, 0x42, 0xff, 0xc3, 0x8d, 0x42, 0xff, 0xc3, 0x8d, 0x42, 0xff,
    0xc3, 0x8d, 0x42, 0xff, 0xc3, 0x8d, 0x42, 0xff, 0xe1, 0xc9, 0xa8, 0xff,
    0xf4, 0xef, 0xe9, 0xff, 0xd1, 0xa8, 0x70, 0xff, 0xc3, 0x8d, 0x42, 0xff,
    0xc3, 0x8d, 0x42, 0xff, 0xc3, 0x8d, 0x42, 0xff, 0xc3, 0x8d, 0x42, 0xff,
    0xc3, 0x8d, 0x42, 0xff, 0xc3, 0x8d, 0x42, 0xff, 0xcb, 0x9e, 0x5e, 0xff,
    0xf4, 0xef, 0xe9, 0xff, 0xe6, 0xd4, 0xbb, 0xff, 0xc3, 0x8d, 0x42, 0xff,
    0xc3, 0x8d, 0x42, 0xff, 0xc3, 0x8d, 0x42, 0xff, 0xc3, 0x8d, 0x42, 0xff,
    0xc3, 0x8d, 0x42, 0xff, 0xc3, 0x8d, 0x42, 0xff, 0xc3, 0x8d, 0x42, 0xff,
    0xe6, 0xd3, 0xba, 0xff, 0xf4, 0xef, 0xe9, 0xff, 0xca, 0x9c, 0x5b, 0xff,
    0xc3, 0x8d, 0x42, 0xff, 0xc3, 0x8d, 0x42, 0xff, 0xc3, 0x8d, 0x42, 0xff,
    0xc3, 0x8d, 0x42, 0xff, 0xc3, 0x8d, 0x42, 0xff, 0xc3, 0x8d, 0x42, 0xff,
    0xc3, 0x8d, 0x42, 0xff, 0xed, 0xe2, 0xd3, 0xff, 0xf4, 0xef, 0xe9, 0xf4,
    0xeb, 0xeb, 0xeb, 0x0d, 0xff, 0xff, 0xff, 0x00, 0xff, 0xff, 0xff, 0x00,
    0xff, 0xff, 0xff, 0x00, 0xff, 0xff, 0xff, 0x00, 0xff, 0xff, 0xff, 0x00,
    0xff, 0xff, 0xff, 0x00, 0xff, 0xff, 0xff, 0x00, 0xff, 0xff, 0xff, 0x00,
    0xff, 0xff, 0xff, 0x00, 0xff, 0xff, 0xff, 0x00, 0xff, 0xff, 0xff, 0x00,
    0xff, 0xff, 0xff, 0x00, 0xff, 0xff, 0xff, 0x00, 0xff, 0xff, 0xff, 0x00,
    0xff, 0xff, 0xff, 0x00, 0xff, 0xff, 0xff, 0x00, 0xff, 0xff, 0xff, 0x00,
    0xff, 0xff, 0xff, 0x00, 0xff, 0xff, 0xff, 0x00, 0xff, 0xff, 0xff, 0x00,
    0xff, 0xff, 0xff, 0x00, 0xff, 0xff, 0xff, 0x00, 0xf4, 0xee, 0xe9, 0xd8,
    0xf4, 0xee, 0xe8, 0xff, 0xc8, 0x97, 0x52, 0xff, 0xc3, 0x8d, 0x42, 0xff,
    0xc3, 0x8d, 0x42, 0xff, 0xc3, 0x8d, 0x42, 0xff, 0xc3, 0x8d, 0x42, 0xff,
    0xc3, 0x8d, 0x42, 0xff, 0xc3, 0x8d, 0x42, 0xff, 0xc3, 0x8d, 0x42, 0xff,
    0xea, 0xdc, 0xc8, 0xff, 0xf4, 0xef, 0xe9, 0xff, 0xc9, 0x99, 0x56, 0xff,
    0xc3, 0x8d, 0x42, 0xff, 0xc3, 0x8d, 0x42, 0xff, 0xc3, 0x8d, 0x42, 0xff,
    0xc3, 0x8d, 0x42, 0xff, 0xc3, 0x8d, 0x42, 0xff, 0xc3, 0x8d, 0x42, 0xff,
    0xcc, 0x9f, 0x60, 0xff, 0xf4, 0xef, 0xe9, 0xff, 0xe7, 0xd6, 0xbe, 0xff,
    0xc3, 0x8d, 0x42, 0xff, 0xc3, 0x8d, 0x42, 0xff, 0xc3, 0x8d, 0x42, 0xff,
    0xc3, 0x8d, 0x42, 0xff, 0xc3, 0x8d, 0x42, 0xff, 0xc3, 0x8d, 0x42, 0xff,
    0xc3, 0x8d, 0x42, 0xff, 0xde, 0xc3, 0x9e, 0xff, 0xf4, 0xef, 0xe9, 0xff,
    0xd4, 0xb0, 0x7d, 0xff, 0xc3, 0x8d, 0x42, 0xff, 0xc3, 0x8d, 0x42, 0xff,
    0xc3, 0x8d, 0x42, 0xff, 0xc3, 0x8d, 0x42, 0xff, 0xc3, 0x8d, 0x42, 0xff,
    0xc3, 0x8d, 0x42, 0xff, 0xc3, 0x8d, 0x42, 0xff, 0xdc, 0xc0, 0x98, 0xff,
    0xf4, 0xef, 0xe9, 0xff, 0xf5, 0xf0, 0xe8, 0x64, 0xff, 0xff, 0xff, 0x00,
    0xff, 0xff, 0xff, 0x00, 0xff, 0xff, 0xff, 0x00, 0xff, 0xff, 0xff, 0x00,
    0xff, 0xff, 0xff, 0x00, 0xff, 0xff, 0xff, 0x00, 0xff, 0xff, 0xff, 0x00,
    0xff, 0xff, 0xff, 0x00, 0xff, 0xff, 0xff, 0x00, 0xff, 0xff, 0xff, 0x00,
    0xff, 0xff, 0xff, 0x00, 0xff, 0xff, 0xff, 0x00, 0xff, 0xff, 0xff, 0x00,
    0xff, 0xff, 0xff, 0x00, 0xff, 0xff, 0xff, 0x00, 0xff, 0xff, 0xff, 0x00,
    0xff, 0xff, 0xff, 0x00, 0xff, 0xff, 0xff, 0x00, 0xff, 0xff, 0xff, 0x00,
    0xff, 0xff, 0xff, 0x00, 0xff, 0xff, 0xff, 0x00, 0xf6, 0xed, 0xe9, 0x39,
    0xf4, 0xef, 0xe9, 0xff, 0xe8, 0xd6, 0xbe, 0xff, 0xc3, 0x8d, 0x42, 0xff,
    0xc3, 0x8d, 0x42, 0xff, 0xc3, 0x8d, 0x42, 0xff, 0xc3, 0x8d, 0x42, 0xff,
    0xc3, 0x8d, 0x42, 0xff, 0xc3, 0x8d, 0x42, 0xff, 0xc3, 0x8d, 0x42, 0xff,
    0xc4, 0x8f, 0x45, 0xff, 0xf3, 0xed, 0xe5, 0xff, 0xf2, 0xeb, 0xe2, 0xff,
    0xc3, 0x8d, 0x43, 0xff, 0xc3, 0x8d, 0x42, 0xff, 0xc3, 0x8d, 0x42, 0xff,
    0xc3, 0x8d, 0x42, 0xff, 0xc3, 0x8d, 0x42, 0xff, 0xc3, 0x8d, 0x42, 0xff,
    0xc3, 0x8d, 0x42, 0xff, 0xcd, 0xa0, 0x63, 0xff, 0xf4, 0xef, 0xe9, 0xff,
    0xe8, 0xd8, 0xc2, 0xff, 0xc3, 0x8d, 0x42, 0xff, 0xc3, 0x8d, 0x42, 0xff,
    0xc3, 0x8d, 0x42, 0xff, 0xc3, 0x8d, 0x42, 0xff, 0xc3, 0x8d, 0x42, 0xff,
    0xc3, 0x8d, 0x42, 0xff, 0xc3, 0x8d, 0x42, 0xff, 0xd6, 0xb3, 0x83, 0xff,
    0xf4, 0xef, 0xe9, 0xff, 0xde, 0xc3, 0x9e, 0xff, 0xc3, 0x8d, 0x42, 0xff,
    0xc3, 0x8d, 0x42, 0xff, 0xc3, 0x8d, 0x42, 0xff, 0xc3, 0x8d, 0x42, 0xff,
    0xc3, 0x8d, 0x42, 0xff, 0xc3, 0x8d, 0x42, 0xff, 0xc3, 0x8d, 0x42, 0xff,
    0xcb, 0x9e, 0x5e, 0xff, 0xf4, 0xef, 0xe9, 0xff, 0xf3, 0xf0, 0xe9, 0xc6,
    0xff, 0xff, 0xff, 0x00, 0xff, 0xff, 0xff, 0x00, 0xff, 0xff, 0xff, 0x00,
    0xff, 0xff, 0xff, 0x00, 0xff, 0xff, 0xff, 0x00, 0xff, 0xff, 0xff, 0x00,
    0xff, 0xff, 0xff, 0x00, 0xff, 0xff, 0xff, 0x00, 0xff, 0xff, 0xff, 0x00,
    0xff, 0xff, 0xff, 0x00, 0xff, 0xff, 0xff, 0x00, 0xff, 0xff, 0xff, 0x00,
    0xff, 0xff, 0xff, 0x00, 0xff, 0xff, 0xff, 0x00, 0xff, 0xff, 0xff, 0x00,
    0xff, 0xff, 0xff, 0x00, 0xff, 0xff, 0xff, 0x00, 0xff, 0xff, 0xff, 0x00,
    0xff, 0xff, 0xff, 0x00, 0xff, 0xff, 0xff, 0x00, 0xff, 0xff, 0xff, 0x00,
    0xf3, 0xee, 0xe9, 0x9a, 0xf4, 0xef, 0xe9, 0xff, 0xd7, 0xb4, 0x85, 0xff,
    0xc3, 0x8d, 0x42, 0xff, 0xc3, 0x8d, 0x42, 0xff, 0xc3, 0x8d, 0x42, 0xff,
    0xc3, 0x8d, 0x42, 0xff, 0xc3, 0x8d, 0x42, 0xff, 0xc3, 0x8d, 0x42, 0xff,
    0xc3, 0x8d, 0x42, 0xff, 0xcc, 0x9f, 0x61, 0xff, 0xf4, 0xef, 0xe9, 0xff,
    0xeb, 0xdc, 0xc9, 0xff, 0xc3, 0x8d, 0x42, 0xff, 0xc3, 0x8d, 0x42, 0xff,
    0xc3, 0x8d, 0x42, 0xff, 0xc3, 0x8d, 0x42, 0xff, 0xc3, 0x8d, 0x42, 0xff,
    0xc3, 0x8d, 0x42, 0xff, 0xc3, 0x8d, 0x42, 0xff, 0xcd, 0xa2, 0x65, 0xff,
    0xf4, 0xef, 0xe9, 0xff, 0xe9, 0xda, 0xc5, 0xff, 0xc3, 0x8d, 0x42, 0xff,
    0xc3, 0x8d, 0x42, 0xff, 0xc3, 0x8d, 0x42, 0xff, 0xc3, 0x8d, 0x42, 0xff,
    0xc3, 0x8d, 0x42, 0xff, 0xc3, 0x8d, 0x42, 0xff, 0xc3, 0x8d, 0x42, 0xff,
    0xce, 0xa3, 0x68, 0xff, 0xf4, 0xef, 0xe9, 0xff, 0xe8, 0xd7, 0xc0, 0xff,
    0xc3, 0x8d, 0x42, 0xff, 0xc3, 0x8d, 0x42, 0xff, 0xc3, 0x8d, 0x42, 0xff,
    0xc3, 0x8d, 0x42, 0xff, 0xc3, 0x8d, 0x42, 0xff, 0xc3, 0x8d, 0x42, 0xff,
    0xc3, 0x8d, 0x42, 0xff, 0xc3, 0x8d, 0x42, 0xff, 0xeb, 0xde, 0xcc, 0xff,
    0xf4, 0xef, 0xe9, 0xff, 0xf3, 0xec, 0xe6, 0x29, 0xff, 0xff, 0xff, 0x00,
    0xff, 0xff, 0xff, 0x00, 0xff, 0xff, 0xff, 0x00, 0xff, 0xff, 0xff, 0x00,
    0xff, 0xff, 0xff, 0x00, 0xff, 0xff, 0xff, 0x00, 0xff, 0xff, 0xff, 0x00,
    0xff, 0xff, 0xff, 0x00, 0xff, 0xff, 0xff, 0x00, 0xff, 0xff, 0xff, 0x00,
    0xff, 0xff, 0xff, 0x00, 0xff, 0xff, 0xff, 0x00, 0xff, 0xff, 0xff, 0x00,
    0xff, 0xff, 0xff, 0x00, 0xff, 0xff, 0xff, 0x00, 0xff, 0xff, 0xff, 0x00,
    0xff, 0xff, 0xff, 0x00, 0xff, 0xff, 0xff, 0x00, 0xff, 0xff, 0xff, 0x00,
    0xff, 0xe6, 0xe6, 0x0a, 0xf4, 0xef, 0xe9, 0xf1, 0xf3, 0xed, 0xe6, 0xff,
    0xc7, 0x94, 0x4e, 0xff, 0xc3, 0x8d, 0x42, 0xff, 0xc3, 0x8d, 0x42, 0xff,
    0xc3, 0x8d, 0x42, 0xff, 0xc3, 0x8d, 0x42, 0xff, 0xc3, 0x8d, 0x42, 0xff,
    0xc3, 0x8d, 0x42, 0xff, 0xc3, 0x8d, 0x42, 0xff, 0xd5, 0xb2, 0x81, 0xff,
    0xf4, 0xef, 0xe9, 0xff, 0xe3, 0xcd, 0xaf, 0xff, 0xc3, 0x8d, 0x42, 0xff,
    0xc3, 0x8d, 0x42, 0xff, 0xc3, 0x8d, 0x42, 0xff, 0xc3, 0x8d, 0x42, 0xff,
    0xc3, 0x8d, 0x42, 0xff, 0xc3, 0x8d, 0x42, 0xff, 0xc3, 0x8d, 0x42, 0xff,
    0xce, 0xa3, 0x68, 0xff, 0xf4, 0xef, 0xe9, 0xff, 0xea, 0xdc, 0xc8, 0xff,
    0xc3, 0x8d, 0x42, 0xff, 0xc3, 0x8d, 0x42, 0xff, 0xc3, 0x8d, 0x42, 0xff,
    0xc3, 0x8d, 0x42, 0xff, 0xc3, 0x8d, 0x42, 0xff, 0xc3, 0x8d, 0x42, 0xff,
    0xc3, 0x8d, 0x42, 0xff, 0xc6, 0x94, 0x4d, 0xff, 0xf4, 0xef, 0xe9, 0xff,
    0xf1, 0xea, 0xe0, 0xff, 0xc3, 0x8d, 0x43, 0xff, 0xc3, 0x8d, 0x42, 0xff,
    0xc3, 0x8d, 0x42, 0xff, 0xc3, 0x8d, 0x42, 0xff, 0xc3, 0x8d, 0x42, 0xff,
    0xc3, 0x8d, 0x42, 0xff, 0xc3, 0x8d, 0x42, 0xff, 0xc3, 0x8d, 0x42, 0xff,
    0xda, 0xbc, 0x91, 0xff, 0xf4, 0xef, 0xe9, 0xff, 0xf4, 0xee, 0xe9, 0x8b,
    0xff, 0xff, 0xff, 0x00, 0xff, 0xff, 0xff, 0x00, 0xff, 0xff, 0xff, 0x00,
    0xff, 0xff, 0xff, 0x00, 0xff, 0xff, 0xff, 0x00, 0xff, 0xff, 0xff, 0x00,
    0xff, 0xff, 0xff, 0x00, 0xff, 0xff, 0xff, 0x00, 0xff, 0xff, 0xff, 0x00,
    0xff, 0xff, 0xff, 0x00, 0xff, 0xff, 0xff, 0x00, 0xff, 0xff, 0xff, 0x00,
    0xff, 0xff, 0xff, 0x00, 0xff, 0xff, 0xff, 0x00, 0xff, 0xff, 0xff, 0x00,
    0xff, 0xff, 0xff, 0x00, 0xff, 0xff, 0xff, 0x00, 0xff, 0xff, 0xff, 0x00,
    0xff, 0xff, 0xff, 0x00, 0xf6, 0xf0, 0xea, 0x87, 0xf4, 0xef, 0xe9, 0xff,
    0xef, 0xe5, 0xd7, 0xff, 0xe2, 0xcb, 0xac, 0xff, 0xe2, 0xcb, 0xac, 0xff,
    0xe2, 0xcc, 0xad, 0xff, 0xe3, 0xcc, 0xad, 0xff, 0xe3, 0xcc, 0xad, 0xff,
    0xe3, 0xcc, 0xae, 0xff, 0xe3, 0xcd, 0xaf, 0xff, 0xe3, 0xcd, 0xaf, 0xff,
    0xed, 0xe0, 0xd0, 0xff, 0xf4, 0xef, 0xe9, 0xff, 0xeb, 0xde, 0xcd, 0xff,
    0xe4, 0xce, 0xb1, 0xff, 0xe4, 0xce, 0xb1, 0xff, 0xe4, 0xcf, 0xb2, 0xff,
    0xe4, 0xcf, 0xb3, 0xff, 0xe4, 0xcf, 0xb3, 0xff, 0xe4, 0xcf, 0xb3, 0xff,
    0xe4, 0xd0, 0xb4, 0xff, 0xe9, 0xd8, 0xc2, 0xff, 0xf4, 0xef, 0xe9, 0xff,
    0xf1, 0xea, 0xe0, 0xff, 0xe5, 0xd1, 0xb6, 0xff, 0xe5, 0xd1, 0xb6, 0xff,
    0xe5, 0xd1, 0xb7, 0xff, 0xe5, 0xd2, 0xb7, 0xff, 0xe6, 0xd2, 0xb8, 0xff,
    0xe6, 0xd2, 0xb8, 0xff, 0xe6, 0xd3, 0xb9, 0xff, 0xe6, 0xd3, 0xb9, 0xff,
    0xf3, 0xec, 0xe5, 0xff, 0xf4, 0xef, 0xe9, 0xff, 0xe8, 0xd8, 0xc2, 0xff,
    0xe7, 0xd4, 0xbb, 0xff, 0xe7, 0xd4, 0xbb, 0xff, 0xe7, 0xd4, 0xbc, 0xff,
    0xe7, 0xd5, 0xbc, 0xff, 0xe7, 0xd5, 0xbd, 0xff, 0xe7, 0xd5, 0xbd, 0xff,
    0xe7, 0xd6, 0xbe, 0xff, 0xe9, 0xd9, 0xc4, 0xff, 0xf4, 0xef, 0xe9, 0xff,
    0xf4, 0xef, 0xe8, 0xf9, 0xff, 0xff, 0xe6, 0x0a, 0xff, 0xff, 0xff, 0x00,
    0xff, 0xff, 0xff, 0x00, 0xff, 0xff, 0xff, 0x00, 0xff, 0xff, 0xff, 0x00,
    0xff, 0xff, 0xff, 0x00, 0xff, 0xff, 0xff, 0x00, 0xff, 0xff, 0xff, 0x00,
    0xff, 0xff, 0xff, 0x00, 0xff, 0xff, 0xff, 0x00, 0xff, 0xff, 0xff, 0x00,
    0xff, 0xff, 0xff, 0x00, 0xff, 0xff, 0xff, 0x00, 0xff, 0xff, 0xff, 0x00,
    0xff, 0xff, 0xff, 0x00, 0xff, 0xff, 0xff, 0x00, 0xff, 0xff, 0xff, 0x00,
    0xff, 0xff, 0xff, 0x00, 0xff, 0xff, 0xff, 0x00, 0xf4, 0xef, 0xe9, 0xed,
    0xf4, 0xef, 0xe9, 0xff, 0xf4, 0xef, 0xe9, 0xff, 0xf4, 0xef, 0xe9, 0xff,
    0xf4, 0xef, 0xe9, 0xff, 0xf4, 0xef, 0xe9, 0xff, 0xf4, 0xef, 0xe9, 0xff,
    0xf4, 0xef, 0xe9, 0xff, 0xf4, 0xef, 0xe9, 0xff, 0xf4, 0xef, 0xe9, 0xff,
    0xf4, 0xef, 0xe9, 0xff, 0xf4, 0xef, 0xe9, 0xff, 0xf4, 0xef, 0xe9, 0xff,
    0xf4, 0xef, 0xe9, 0xff, 0xf4, 0xef, 0xe9, 0xff, 0xf4, 0xef, 0xe9, 0xff,
    0xf4, 0xef, 0xe9, 0xff, 0xf4, 0xef, 0xe9, 0xff, 0xf4, 0xef, 0xe9, 0xff,
    0xf4, 0xef, 0xe9, 0xff, 0xf4, 0xef, 0xe9, 0xff, 0xf4, 0xef, 0xe9, 0xff,
    0xf4, 0xef, 0xe9, 0xff, 0xf4, 0xef, 0xe9, 0xff, 0xf4, 0xef, 0xe9, 0xff,
    0xf4, 0xef, 0xe9, 0xff, 0xf4, 0xef, 0xe9, 0xff, 0xf4, 0xef, 0xe9, 0xff,
    0xf4, 0xef, 0xe9, 0xff, 0xf4, 0xef, 0xe9, 0xff, 0xf4, 0xef, 0xe9, 0xff,
    0xf4, 0xef, 0xe9, 0xff, 0xf4, 0xef, 0xe9, 0xff, 0xf4, 0xef, 0xe9, 0xff,
    0xf4, 0xef, 0xe9, 0xff, 0xf4, 0xef, 0xe9, 0xff, 0xf4, 0xef, 0xe9, 0xff,
    0xf4, 0xef, 0xe9, 0xff, 0xf4, 0xef, 0xe9, 0xff, 0xf4, 0xef, 0xe9, 0xff,
    0xf4, 0xef, 0xe9, 0xff, 0xf4, 0xef, 0xe9, 0xff, 0xf4, 0xef, 0xe9, 0xff,
    0xf4, 0xef, 0xe9, 0xff, 0xf4, 0xef, 0xe9, 0xff, 0xf4, 0xee, 0xe9, 0x8a,
    0xff, 0xff, 0xff, 0x00, 0xff, 0xff, 0xff, 0x00, 0xff, 0xff, 0xff, 0x00,
    0xff, 0xff, 0xff, 0x00, 0xff, 0xff, 0xff, 0x00, 0xff, 0xff, 0xff, 0x00,
    0xff, 0xff, 0xff, 0x00, 0xff, 0xff, 0xff, 0x00, 0xff, 0xff, 0xff, 0x00,
    0xff, 0xff, 0xff, 0x00, 0xff, 0xff, 0xff, 0x00, 0xff, 0xff, 0xff, 0x00,
    0xff, 0xff, 0xff, 0x00, 0xff, 0xff, 0xff, 0x00, 0xff, 0xff, 0xff, 0x00,
    0xff, 0xff, 0xff, 0x00, 0xff, 0xff, 0xff, 0x00, 0xf8, 0xe9, 0xe2, 0x23,
    0xf4, 0xef, 0xe9, 0xfe, 0xf3, 0xed, 0xe6, 0xff, 0xdb, 0xbd, 0x94, 0xff,
    0xd9, 0xba, 0x8f, 0xff, 0xd9, 0xba, 0x8e, 0xff, 0xd9, 0xba, 0x8e, 0xff,
    0xd9, 0xb9, 0x8d, 0xff, 0xd9, 0xb9, 0x8d, 0xff, 0xd9, 0xb8, 0x8c, 0xff,
    0xd9, 0xb8, 0x8c, 0xff, 0xd9, 0xb8, 0x8b, 0xff, 0xf3, 0xec, 0xe4, 0xff,
    0xf4, 0xef, 0xe9, 0xff, 0xdd, 0xc1, 0x9b, 0xff, 0xd8, 0xb7, 0x89, 0xff,
    0xd8, 0xb7, 0x89, 0xff, 0xd8, 0xb7, 0x89, 0xff, 0xd8, 0xb6, 0x88, 0xff,
    0xd7, 0xb6, 0x87, 0xff, 0xd7, 0xb6, 0x87, 0xff, 0xd7, 0xb5, 0x87, 0xff,
    0xdf, 0xc5, 0xa1, 0xff, 0xf4, 0xef, 0xe9, 0xff, 0xf0, 0xe7, 0xdc, 0xff,
    0xd7, 0xb4, 0x85, 0xff, 0xd7, 0xb4, 0x85, 0xff, 0xd6, 0xb4, 0x84, 0xff,
    0xd6, 0xb3, 0x83, 0xff, 0xd6, 0xb3, 0x83, 0xff, 0xd6, 0xb3, 0x83, 0xff,
    0xd6, 0xb3, 0x82, 0xff, 0xd6, 0xb2, 0x82, 0xff, 0xe7, 0xd5, 0xbd, 0xff,
    0xf4, 0xef, 0xe9, 0xff, 0xe6, 0xd3, 0xba, 0xff, 0xd5, 0xb2, 0x80, 0xff,
    0xd5, 0xb1, 0x80, 0xff, 0xd5, 0xb1, 0x7f, 0xff, 0xd5, 0xb1, 0x7f, 0xff,
    0xd5, 0xb0, 0x7e, 0xff, 0xd4, 0xb0, 0x7e, 0xff, 0xd4, 0xb0, 0x7d, 0xff,
    0xd4, 0xb0, 0x7d, 0xff, 0xe2, 0xcb, 0xab, 0xff, 0xf4, 0xef, 0xe9, 0xff,
    0xf4, 0xef, 0xea, 0xc2, 0xff, 0xff, 0xff, 0x00, 0xff, 0xff, 0xff, 0x00,
    0xff, 0xff, 0xff, 0x00, 0xff, 0xff, 0xff, 0x00, 0xff, 0xff, 0xff, 0x00,
    0xff, 0xff, 0xff, 0x00, 0xff, 0xff, 0xff, 0x00, 0xff, 0xff, 0xff, 0x00,
    0xff, 0xff, 0xff, 0x00, 0xff, 0xff, 0xff, 0x00, 0xff, 0xff, 0xff, 0x00,
    0xff, 0xff, 0xff, 0x00, 0xff, 0xff, 0xff, 0x00, 0xff, 0xff, 0xff, 0x00,
    0xff, 0xff, 0xff, 0x00, 0xff, 0xff, 0xff, 0x00, 0xff, 0xff, 0xff, 0x00,
    0xf5, 0xef, 0xe9, 0x7f, 0xf4, 0xef, 0xe9, 0xff, 0xe4, 0xd0, 0xb4, 0xff,
    0xc3, 0x8d, 0x42, 0xff, 0xc3, 0x8d, 0x42, 0xff, 0xc3, 0x8d, 0x42, 0xff,
    0xc3, 0x8d, 0x42, 0xff, 0xc3, 0x8d, 0x42, 0xff, 0xc3, 0x8d, 0x42, 0xff,
    0xc3, 0x8d, 0x42, 0xff, 0xc3, 0x8d, 0x42, 0xff, 0xca, 0x9b, 0x5a, 0xff,
    0xf4, 0xef, 0xe9, 0xff, 0xf4, 0xee, 0xe8, 0xff, 0xc5, 0x90, 0x47, 0xff,
    0xc3, 0x8d, 0x42, 0xff, 0xc3, 0x8d, 0x42, 0xff, 0xc3, 0x8d, 0x42, 0xff,
    0xc3, 0x8d, 0x42, 0xff, 0xc3, 0x8d, 0x42, 0xff, 0xc3, 0x8d, 0x42, 0xff,
    0xc3, 0x8d, 0x42, 0xff, 0xd1, 0xa9, 0x72, 0xff, 0xf4, 0xef, 0xe9, 0xff,
    0xee, 0xe4, 0xd6, 0xff, 0xc3, 0x8d, 0x42, 0xff, 0xc3, 0x8d, 0x42, 0xff,
    0xc3, 0x8d, 0x42, 0xff, 0xc3, 0x8d, 0x42, 0xff, 0xc3, 0x8d, 0x42, 0xff,
    0xc3, 0x8d, 0x42, 0xff, 0xc3, 0x8d, 0x42, 0xff, 0xc3, 0x8d, 0x42, 0xff,
    0xd7, 0xb6, 0x87, 0xff, 0xf4, 0xef, 0xe9, 0xff, 0xe8, 0xd6, 0xbf, 0xff,
    0xc3, 0x8d, 0x42, 0xff, 0xc3, 0x8d, 0x42, 0xff, 0xc3, 0x8d, 0x42, 0xff,
    0xc3, 0x8d, 0x42, 0xff, 0xc3, 0x8d, 0x42, 0xff, 0xc3, 0x8d, 0x42, 0xff,
    0xc3, 0x8d, 0x42, 0xff, 0xc3, 0x8d, 0x42, 0xff, 0xc7, 0x96, 0x51, 0xff,
    0xf3, 0xee, 0xe7, 0xff, 0xf4, 0xef, 0xe9, 0xfc, 0xf5, 0xeb, 0xeb, 0x19,
    0xff, 0xff, 0xff, 0x00, 0xff, 0xff, 0xff, 0x00, 0xff, 0xff, 0xff, 0x00,
    0xff, 0xff, 0xff, 0x00, 0xff, 0xff, 0xff, 0x00, 0xff, 0xff, 0xff, 0x00,
    0xff, 0xff, 0xff, 0x00, 0xff, 0xff, 0xff, 0x00, 0xff, 0xff, 0xff, 0x00,
    0xff, 0xff, 0xff, 0x00, 0xff, 0xff, 0xff, 0x00, 0xff, 0xff, 0xff, 0x00,
    0xff, 0xff, 0xff, 0x00, 0xff, 0xff, 0xff, 0x00, 0xff, 0xff, 0xff, 0x00,
    0xff, 0xff, 0xff, 0x01, 0xf4, 0xef, 0xe9, 0xdf, 0xf4, 0xef, 0xe9, 0xff,
    0xd4, 0xae, 0x7a, 0xff, 0xc3, 0x8d, 0x42, 0xff, 0xc3, 0x8d, 0x42, 0xff,
    0xc3, 0x8d, 0x42, 0xff, 0xc3, 0x8d, 0x42, 0xff, 0xc3, 0x8d, 0x42, 0xff,
    0xc3, 0x8d, 0x42, 0xff, 0xc3, 0x8d, 0x42, 0xff, 0xc3, 0x8d, 0x42, 0xff,
    0xd4, 0xae, 0x7a, 0xff, 0xf4, 0xef, 0xe9, 0xff, 0xee, 0xe2, 0xd3, 0xff,
    0xc3, 0x8d, 0x42, 0xff, 0xc3, 0x8d, 0x42, 0xff, 0xc3, 0x8d, 0x42, 0xff,
    0xc3, 0x8d, 0x42, 0xff, 0xc3, 0x8d, 0x42, 0xff, 0xc3, 0x8d, 0x42, 0xff,
    0xc3, 0x8d, 0x42, 0xff, 0xc3, 0x8d, 0x42, 0xff, 0xd2, 0xab, 0x74, 0xff,
    0xf4, 0xef, 0xe9, 0xff, 0xf0, 0xe6, 0xda, 0xff, 0xc3, 0x8d, 0x42, 0xff,
    0xc3, 0x8d, 0x42, 0xff, 0xc3, 0x8d, 0x42, 0xff, 0xc3, 0x8d, 0x42, 0xff,
    0xc3, 0x8d, 0x42, 0xff, 0xc3, 0x8d, 0x42, 0xff, 0xc3, 0x8d, 0x42, 0xff,
    0xc3, 0x8d, 0x42, 0xff, 0xcf, 0xa6, 0x6c, 0xff, 0xf4, 0xef, 0xe9, 0xff,
    0xf1, 0xea, 0xe0, 0xff, 0xc3, 0x8d, 0x43, 0xff, 0xc3, 0x8d, 0x42, 0xff,
    0xc3, 0x8d, 0x42, 0xff, 0xc3, 0x8d, 0x42, 0xff, 0xc3, 0x8d, 0x42, 0xff,
    0xc3, 0x8d, 0x42, 0xff, 0xc3, 0x8d, 0x42, 0xff, 0xc3, 0x8d, 0x42, 0xff,
    0xc3, 0x8d, 0x42, 0xff, 0xe7, 0xd4, 0xbc, 0xff, 0xf4, 0xef, 0xe9, 0xff,
    0xf4, 0xee, 0xea, 0x78, 0xff, 0xff, 0xff, 0x00, 0xff, 0xff, 0xff, 0x00,
    0xff, 0xff, 0xff, 0x00, 0xff, 0xff, 0xff, 0x00, 0xff, 0xff, 0xff, 0x00,
    0xff, 0xff, 0xff, 0x00, 0xff, 0xff, 0xff, 0x00, 0xff, 0xff, 0xff, 0x00,
    0xff, 0xff, 0xff, 0x00, 0xff, 0xff, 0xff, 0x00, 0xff, 0xff, 0xff, 0x00,
    0xff, 0xff, 0xff, 0x00, 0xff, 0xff, 0xff, 0x00, 0xff, 0xff, 0xff, 0x00,
    0xff, 0xff, 0xff, 0x00, 0xf3, 0xef, 0xe7, 0x41, 0xf4, 0xef, 0xe9, 0xff,
    0xf2, 0xeb, 0xe2, 0xff, 0xc5, 0x91, 0x49, 0xff, 0xc3, 0x8d, 0x42, 0xff,
    0xc3, 0x8d, 0x42, 0xff, 0xc3, 0x8d, 0x42, 0xff, 0xc3, 0x8d, 0x42, 0xff,
    0xc3, 0x8d, 0x42, 0xff, 0xc3, 0x8d, 0x42, 0xff, 0xc3, 0x8d, 0x42, 0xff,
    0xc3, 0x8d, 0x42, 0xff, 0xdd, 0xc1, 0x9b, 0xff, 0xf4, 0xef, 0xe9, 0xff,
    0xe6, 0xd3, 0xb9, 0xff, 0xc3, 0x8d, 0x42, 0xff, 0xc3, 0x8d, 0x42, 0xff,
    0xc3, 0x8d, 0x42, 0xff, 0xc3, 0x8d, 0x42, 0xff, 0xc3, 0x8d, 0x42, 0xff,
    0xc3, 0x8d, 0x42, 0xff, 0xc3, 0x8d, 0x42, 0xff, 0xc3, 0x8d, 0x42, 0xff,
    0xd3, 0xac, 0x77, 0xff, 0xf4, 0xef, 0xe9, 0xff, 0xf1, 0xe8, 0xdd, 0xff,
    0xc3, 0x8d, 0x42, 0xff, 0xc3, 0x8d, 0x42, 0xff, 0xc3, 0x8d, 0x42, 0xff,
    0xc3, 0x8d, 0x42, 0xff, 0xc3, 0x8d, 0x42, 0xff, 0xc3, 0x8d, 0x42, 0xff,
    0xc3, 0x8d, 0x42, 0xff, 0xc3, 0x8d, 0x42, 0xff, 0xc7, 0x95, 0x50, 0xff,
    0xf4, 0xef, 0xe9, 0xff, 0xf4, 0xef, 0xe9, 0xff, 0xca, 0x9b, 0x5a, 0xff,
    0xc3, 0x8d, 0x42, 0xff, 0xc3, 0x8d, 0x42, 0xff, 0xc3, 0x8d, 0x42, 0xff,
    0xc3, 0x8d, 0x42, 0xff, 0xc3, 0x8d, 0x42, 0xff, 0xc3, 0x8d, 0x42, 0xff,
    0xc3, 0x8d, 0x42, 0xff, 0xc3, 0x8d, 0x42, 0xff, 0xd6, 0xb2, 0x82, 0xff,
    0xf4, 0xef, 0xe9, 0xff, 0xf4, 0xef, 0xe9, 0xd9, 0xff, 0xff, 0xff, 0x00,
    0xff, 0xff, 0xff, 0x00, 0xff, 0xff, 0xff, 0x00, 0xff, 0xff, 0xff, 0x00,
    0xff, 0xff, 0xff, 0x00, 0xff, 0xff, 0xff, 0x00, 0xff, 0xff, 0xff, 0x00,
    0xff, 0xff, 0xff, 0x00, 0xff, 0xff, 0xff, 0x00, 0xff, 0xff, 0xff, 0x00,
    0xff, 0xff, 0xff, 0x00, 0xff, 0xff, 0xff, 0x00, 0xff, 0xff, 0xff, 0x00,
    0xff, 0xff, 0xff, 0x00, 0xff, 0xff, 0xff, 0x00, 0xf4, 0xef, 0xe9, 0xa2,
    0xf4, 0xef, 0xe9, 0xff, 0xe3, 0xcd, 0xaf, 0xff, 0xc3, 0x8d, 0x42, 0xff,
    0xc3, 0x8d, 0x42, 0xff, 0xc3, 0x8d, 0x42, 0xff, 0xc3, 0x8d, 0x42, 0xff,
    0xc3, 0x8d, 0x42, 0xff, 0xc3, 0x8d, 0x42, 0xff, 0xc3, 0x8d, 0x42, 0xff,
    0xc3, 0x8d, 0x42, 0xff, 0xc3, 0x8d, 0x42, 0xff, 0xe7, 0xd4, 0xbb, 0xff,
    0xf4, 0xef, 0xe9, 0xff, 0xde, 0xc3, 0x9e, 0xff, 0xc3, 0x8d, 0x42, 0xff,
    0xc3, 0x8d, 0x42, 0xff, 0xc3, 0x8d, 0x42, 0xff, 0xc3, 0x8d, 0x42, 0xff,
    0xc3, 0x8d, 0x42, 0xff, 0xc3, 0x8d, 0x42, 0xff, 0xc3, 0x8d, 0x42, 0xff,
    0xc3, 0x8d, 0x42, 0xff, 0xd3, 0xad, 0x79, 0xff, 0xf4, 0xef, 0xe9, 0xff,
    0xf2, 0xea, 0xe0, 0xff, 0xc3, 0x8d, 0x42, 0xff, 0xc3, 0x8d, 0x42, 0xff,
    0xc3, 0x8d, 0x42, 0xff, 0xc3, 0x8d, 0x42, 0xff, 0xc3, 0x8d, 0x42, 0xff,
    0xc3, 0x8d, 0x42, 0xff, 0xc3, 0x8d, 0x42, 0xff, 0xc3, 0x8d, 0x42, 0xff,
    0xc3, 0x8d, 0x42, 0xff, 0xf1, 0xe8, 0xdd, 0xff, 0xf4, 0xef, 0xe9, 0xff,
    0xd4, 0xaf, 0x7c, 0xff, 0xc3, 0x8d, 0x42, 0xff, 0xc3, 0x8d, 0x42, 0xff,
    0xc3, 0x8d, 0x42, 0xff, 0xc3, 0x8d, 0x42, 0xff, 0xc3, 0x8d, 0x42, 0xff,
    0xc3, 0x8d, 0x42, 0xff, 0xc3, 0x8d, 0x42, 0xff, 0xc3, 0x8d, 0x42, 0xff,
    0xc6, 0x93, 0x4c, 0xff, 0xf3, 0xec, 0xe4, 0xff, 0xf4, 0xef, 0xe9, 0xff,
    0xf2, 0xee, 0xea, 0x3c, 0xff, 0xff, 0xff, 0x00, 0xff, 0xff, 0xff, 0x00,
    0xff, 0xff, 0xff, 0x00, 0xff, 0xff, 0xff, 0x00, 0xff, 0xff, 0xff, 0x00,
    0xff, 0xff, 0xff, 0x00, 0xff, 0xff, 0xff, 0x00, 0xff, 0xff, 0xff, 0x00,
    0xff, 0xff, 0xff, 0x00, 0xff, 0xff, 0xff, 0x00, 0xff, 0xff, 0xff, 0x00,
    0xff, 0xff, 0xff, 0x00, 0xff, 0xff, 0xff, 0x00, 0xed, 0xed, 0xed, 0x0e,
    0xf4, 0xef, 0xe9, 0xf5, 0xf4, 0xef, 0xe9, 0xff, 0xd2, 0xab, 0x75, 0xff,
    0xc3, 0x8d, 0x42, 0xff, 0xc3, 0x8d, 0x42, 0xff, 0xc3, 0x8d, 0x42, 0xff,
    0xc3, 0x8d, 0x42, 0xff, 0xc3, 0x8d, 0x42, 0xff, 0xc3, 0x8d, 0x42, 0xff,
    0xc3, 0x8d, 0x42, 0xff, 0xc3, 0x8d, 0x42, 0xff, 0xc3, 0x8d, 0x42, 0xff,
    0xf0, 0xe7, 0xdb, 0xff, 0xf4, 0xef, 0xe9, 0xff, 0xd6, 0xb4, 0x84, 0xff,
    0xc3, 0x8d, 0x42, 0xff, 0xc3, 0x8d, 0x42, 0xff, 0xc3, 0x8d, 0x42, 0xff,
    0xc3, 0x8d, 0x42, 0xff, 0xc3, 0x8d, 0x42, 0xff, 0xc3, 0x8d, 0x42, 0xff,
    0xc3, 0x8d, 0x42, 0xff, 0xc3, 0x8d, 0x42, 0xff, 0xd4, 0xaf, 0x7c, 0xff,
    0xf4, 0xef, 0xe9, 0xff, 0xf3, 0xec, 0xe4, 0xff, 0xc3, 0x8d, 0x42, 0xff,
    0xc3, 0x8d, 0x42, 0xff, 0xc3, 0x8d, 0x42, 0xff, 0xc3, 0x8d, 0x42, 0xff,
    0xc3, 0x8d, 0x42, 0xff, 0xc3, 0x8d, 0x42, 0xff, 0xc3, 0x8d, 0x42, 0xff,
    0xc3, 0x8d, 0x42, 0xff, 0xc3, 0x8d, 0x42, 0xff, 0xe8, 0xd8, 0xc2, 0xff,
    0xf4, 0xef, 0xe9, 0xff, 0xde, 0xc2, 0x9d, 0xff, 0xc3, 0x8d, 0x42, 0xff,
    0xc3, 0x8d, 0x42, 0xff, 0xc3, 0x8d, 0x42, 0xff, 0xc3, 0x8d, 0x42, 0xff,
    0xc3, 0x8d, 0x42, 0xff, 0xc3, 0x8d, 0x42, 0xff, 0xc3, 0x8d, 0x42, 0xff,
    0xc3, 0x8d, 0x42, 0xff, 0xc3, 0x8d, 0x42, 0xff, 0xe4, 0xd0, 0xb4, 0xff,
    0xf4, 0xef, 0xe9, 0xff, 0xf4, 0xef, 0xe9, 0x9f, 0xff, 0xff, 0xff, 0x00,
    0xff, 0xff, 0xff, 0x00, 0xff, 0xff, 0xff, 0x00, 0xff, 0xff, 0xff, 0x00,
    0xff, 0xff, 0xff, 0x00, 0xff, 0xff, 0xff, 0x00, 0xff, 0xff, 0xff, 0x00,
    0xff, 0xff, 0xff, 0x00, 0xff, 0xff, 0xff, 0x00, 0xff, 0xff, 0xff, 0x00,
    0xff, 0xff, 0xff, 0x00, 0xff, 0xff, 0xff, 0x00, 0xff, 0xff, 0xff, 0x00,
    0xf5, 0xf0, 0xe8, 0x64, 0xf4, 0xef, 0xe9, 0xff, 0xf1, 0xe9, 0xdf, 0xff,
    0xc4, 0x8f, 0x46, 0xff, 0xc3, 0x8d, 0x42, 0xff, 0xc3, 0x8d, 0x42, 0xff,
    0xc3, 0x8d, 0x42, 0xff, 0xc3, 0x8d, 0x42, 0xff, 0xc3, 0x8d, 0x42, 0xff,
    0xc3, 0x8d, 0x42, 0xff, 0xc3, 0x8d, 0x42, 0xff, 0xc3, 0x8d, 0x42, 0xff,
    0xc8, 0x97, 0x54, 0xff, 0xf4, 0xef, 0xe9, 0xff, 0xf4, 0xef, 0xe9, 0xff,
    0xcf, 0xa4, 0x6a, 0xff, 0xc3, 0x8d, 0x42, 0xff, 0xc3, 0x8d, 0x42, 0xff,
    0xc3, 0x8d, 0x42, 0xff, 0xc3, 0x8d, 0x42, 0xff, 0xc3, 0x8d, 0x42, 0xff,
    0xc3, 0x8d, 0x42, 0xff, 0xc3, 0x8d, 0x42, 0xff, 0xc3, 0x8d, 0x42, 0xff,
    0xd5, 0xb0, 0x7e, 0xff, 0xf4, 0xef, 0xe9, 0xff, 0xf4, 0xee, 0xe8, 0xff,
    0xc3, 0x8d, 0x42, 0xff, 0xc3, 0x8d, 0x42, 0xff, 0xc3, 0x8d, 0x42, 0xff,
    0xc3, 0x8d, 0x42, 0xff, 0xc3, 0x8d, 0x42, 0xff, 0xc3, 0x8d, 0x42, 0xff,
    0xc3, 0x8d, 0x42, 0xff, 0xc3, 0x8d, 0x42, 0xff, 0xc3, 0x8d, 0x42, 0xff,
    0xe0, 0xc8, 0xa6, 0xff, 0xf4, 0xef, 0xe9, 0xff, 0xe8, 0xd6, 0xbe, 0xff,
    0xc3, 0x8d, 0x42, 0xff, 0xc3, 0x8d, 0x42, 0xff, 0xc3, 0x8d, 0x42, 0xff,
    0xc3, 0x8d, 0x42, 0xff, 0xc3, 0x8d, 0x42, 0xff, 0xc3, 0x8d, 0x42, 0xff,
    0xc3, 0x8d, 0x42, 0xff, 0xc3, 0x8d, 0x42, 0xff, 0xc3, 0x8d, 0x42, 0xff,
    0xd3, 0xae, 0x7a, 0xff, 0xf4, 0xef, 0xe9, 0xff, 0xf4, 0xef, 0xe9, 0xf4,
    0xeb, 0xeb, 0xeb, 0x0d, 0xff, 0xff, 0xff, 0x00, 0xff, 0xff, 0xff, 0x00,
    0xff, 0xff, 0xff, 0x00, 0xff, 0xff, 0xff, 0x00, 0xff, 0xff, 0xff, 0x00,
    0xff, 0xff, 0xff, 0x00, 0xff, 0xff, 0xff, 0x00, 0xff, 0xff, 0xff, 0x00,
    0xff, 0xff, 0xff, 0x00, 0xff, 0xff, 0xff, 0x00, 0xff, 0xff, 0xff, 0x00,
    0xff, 0xff, 0xff, 0x00, 0xf3, 0xf0, 0xe9, 0xc6, 0xf4, 0xef, 0xe9, 0xff,
    0xe1, 0xca, 0xa9, 0xff, 0xc3, 0x8d, 0x42, 0xff, 0xc3, 0x8d, 0x42, 0xff,
    0xc3, 0x8d, 0x42, 0xff, 0xc3, 0x8d, 0x42, 0xff, 0xc3, 0x8d, 0x42, 0xff,
    0xc3, 0x8d, 0x42, 0xff, 0xc3, 0x8d, 0x42, 0xff, 0xc3, 0x8d, 0x42, 0xff,
    0xc3, 0x8d, 0x42, 0xff, 0xd2, 0xab, 0x74, 0xff, 0xf4, 0xef, 0xe9, 0xff,
    0xf4, 0xef, 0xe9, 0xff, 0xc7, 0x95, 0x50, 0xff, 0xc3, 0x8d, 0x42, 0xff,
    0xc3, 0x8d, 0x42, 0xff, 0xc3, 0x8d, 0x42, 0xff, 0xc3, 0x8d, 0x42, 0xff,
    0xc3, 0x8d, 0x42, 0xff, 0xc3, 0x8d, 0x42, 0xff, 0xc3, 0x8d, 0x42, 0xff,
    0xc3, 0x8d, 0x42, 0xff, 0xd5, 0xb2, 0x81, 0xff, 0xf4, 0xef, 0xe9, 0xff,
    0xf4, 0xef, 0xe9, 0xff, 0xc3, 0x8e, 0x43, 0xff, 0xc3, 0x8d, 0x42, 0xff,
    0xc3, 0x8d, 0x42, 0xff, 0xc3, 0x8d, 0x42, 0xff, 0xc3, 0x8d, 0x42, 0xff,
    0xc3, 0x8d, 0x42, 0xff, 0xc3, 0x8d, 0x42, 0xff, 0xc3, 0x8d, 0x42, 0xff,
    0xc3, 0x8d, 0x42, 0xff, 0xd9, 0xb8, 0x8b, 0xff, 0xf4, 0xef, 0xe9, 0xff,
    0xf1, 0xe9, 0xdf, 0xff, 0xc3, 0x8d, 0x43, 0xff, 0xc3, 0x8d, 0x42, 0xff,
    0xc3, 0x8d, 0x42, 0xff, 0xc3, 0x8d, 0x42, 0xff, 0xc3, 0x8d, 0x42, 0xff,
    0xc3, 0x8d, 0x42, 0xff, 0xc3, 0x8d, 0x42, 0xff, 0xc3, 0x8d, 0x42, 0xff,
    0xc3, 0x8d, 0x42, 0xff, 0xc5, 0x90, 0x48, 0xff, 0xf2, 0xea, 0xe0, 0xff,
    0xf4, 0xef, 0xe9, 0xff, 0xf5, 0xf0, 0xe8, 0x64, 0xff, 0xff, 0xff, 0x00,
    0xff, 0xff, 0xff, 0x00, 0xff, 0xff, 0xff, 0x00, 0xff, 0xff, 0xff, 0x00,
    0xff, 0xff, 0xff, 0x00, 0xff, 0xff, 0xff, 0x00, 0xff, 0xff, 0xff, 0x00,
    0xff, 0xff, 0xff, 0x00, 0xff, 0xff, 0xff, 0x00, 0xff, 0xff, 0xff, 0x00,
    0xff, 0xff, 0xff, 0x00, 0xf2, 0xf2, 0xeb, 0x27, 0xf4, 0xef, 0xe9, 0xff,
    0xf4, 0xef, 0xe9, 0xff, 0xd0, 0xa8, 0x70, 0xff, 0xc3, 0x8d, 0x42, 0xff,
    0xc3, 0x8d, 0x42, 0xff, 0xc3, 0x8d, 0x42, 0xff, 0xc3, 0x8d, 0x42, 0xff,
    0xc3, 0x8d, 0x42, 0xff, 0xc3, 0x8d, 0x42, 0xff, 0xc3, 0x8d, 0x42, 0xff,
    0xc3, 0x8d, 0x42, 0xff, 0xc3, 0x8d, 0x42, 0xff, 0xdb, 0xbd, 0x95, 0xff,
    0xf4, 0xef, 0xe9, 0xff, 0xf1, 0xe8, 0xdd, 0xff, 0xc3, 0x8d, 0x42, 0xff,
    0xc3, 0x8d, 0x42, 0xff, 0xc3, 0x8d, 0x42, 0xff, 0xc3, 0x8d, 0x42, 0xff,
    0xc3, 0x8d, 0x42, 0xff, 0xc3, 0x8d, 0x42, 0xff, 0xc3, 0x8d, 0x42, 0xff,
    0xc3, 0x8d, 0x42, 0xff, 0xc3, 0x8d, 0x42, 0xff, 0xd6, 0xb3, 0x83, 0xff,
    0xf4, 0xef, 0xe9, 0xff, 0xf4, 0xef, 0xe9, 0xff, 0xc4, 0x90, 0x47, 0xff,
    0xc3, 0x8d, 0x42, 0xff, 0xc3, 0x8d, 0x42, 0xff, 0xc3, 0x8d, 0x42, 0xff,
    0xc3, 0x8d, 0x42, 0xff, 0xc3, 0x8d, 0x42, 0xff, 0xc3, 0x8d, 0x42, 0xff,
    0xc3, 0x8d, 0x42, 0xff, 0xc3, 0x8d, 0x42, 0xff, 0xd0, 0xa8, 0x70, 0xff,
    0xf4, 0xef, 0xe9, 0xff, 0xf4, 0xef, 0xe9, 0xff, 0xca, 0x9b, 0x5a, 0xff,
    0xc3, 0x8d, 0x42, 0xff, 0xc3, 0x8d, 0x42, 0xff, 0xc3, 0x8d, 0x42, 0xff,
    0xc3, 0x8d, 0x42, 0xff, 0xc3, 0x8d, 0x42, 0xff, 0xc3, 0x8d, 0x42, 0xff,
    0xc3, 0x8d, 0x42, 0xff, 0xc3, 0x8d, 0x42, 0xff, 0xc3, 0x8d, 0x42, 0xff,
    0xe2, 0xcc, 0xad, 0xff, 0xf4, 0xef, 0xe9, 0xff, 0xf3, 0xf0, 0xe9, 0xc6,
    0xff, 0xff, 0xff, 0x00, 0xff, 0xff, 0xff, 0x00, 0xff, 0xff, 0xff, 0x00,
    0xff, 0xff, 0xff, 0x00, 0xff, 0xff, 0xff, 0x00, 0xff, 0xff, 0xff, 0x00,
    0xff, 0xff, 0xff, 0x00, 0xff, 0xff, 0xff, 0x00, 0xff, 0xff, 0xff, 0x00,
    0xff, 0xff, 0xff, 0x00, 0xff, 0xff, 0xff, 0x00, 0xf4, 0xee, 0xe9, 0x88,
    0xf4, 0xef, 0xe9, 0xff, 0xf0, 0xe7, 0xdb, 0xff, 0xc4, 0x8f, 0x45, 0xff,
    0xc3, 0x8d, 0x42, 0xff, 0xc3, 0x8d, 0x42, 0xff, 0xc3, 0x8d, 0x42, 0xff,
    0xc3, 0x8d, 0x42, 0xff, 0xc3, 0x8d, 0x42, 0xff, 0xc3, 0x8d, 0x42, 0xff,
    0xc3, 0x8d, 0x42, 0xff, 0xc3, 0x8d, 0x42, 0xff, 0xc3, 0x8d, 0x42, 0xff,
    0xe5, 0xd0, 0xb5, 0xff, 0xf4, 0xef, 0xe9, 0xff, 0xe9, 0xd9, 0xc3, 0xff,
    0xc3, 0x8d, 0x42, 0xff, 0xc3, 0x8d, 0x42, 0xff, 0xc3, 0x8d, 0x42, 0xff,
    0xc3, 0x8d, 0x42, 0xff, 0xc3, 0x8d, 0x42, 0xff, 0xc3, 0x8d, 0x42, 0xff,
    0xc3, 0x8d, 0x42, 0xff, 0xc3, 0x8d, 0x42, 0xff, 0xc3, 0x8d, 0x42, 0xff,
    0xd7, 0xb5, 0x86, 0xff, 0xf4, 0xef, 0xe9, 0xff, 0xf4, 0xef, 0xe9, 0xff,
    0xc5, 0x92, 0x4b, 0xff, 0xc3, 0x8d, 0x42, 0xff, 0xc3, 0x8d, 0x42, 0xff,
    0xc3, 0x8d, 0x42, 0xff, 0xc3, 0x8d, 0x42, 0xff, 0xc3, 0x8d, 0x42, 0xff,
    0xc3, 0x8d, 0x42, 0xff, 0xc3, 0x8d, 0x42, 0xff, 0xc3, 0x8d, 0x42, 0xff,
    0xc8, 0x98, 0x54, 0xff, 0xf4, 0xef, 0xe9, 0xff, 0xf4, 0xef, 0xe9, 0xff,
    0xd4, 0xaf, 0x7c, 0xff, 0xc3, 0x8d, 0x42, 0xff, 0xc3, 0x8d, 0x43, 0xff,
    0xc3, 0x8d, 0x43, 0xff, 0xc3, 0x8e, 0x43, 0xff, 0xc4, 0x8e, 0x44, 0xff,
    0xc4, 0x8f, 0x45, 0xff, 0xc4, 0x8f, 0x45, 0xff, 0xc4, 0x8f, 0x46, 0xff,
    0xc4, 0x8f, 0x46, 0xff, 0xd2, 0xac, 0x76, 0xff, 0xf4, 0xef, 0xe9, 0xff,
    0xf4, 0xef, 0xe9, 0xff, 0xf3, 0xec, 0xe6, 0x29, 0xff, 0xff, 0xff, 0x00,
    0xff, 0xff, 0xff, 0x00, 0xff, 0xff, 0xff, 0x00, 0xff, 0xff, 0xff, 0x00,
    0xff, 0xff, 0xff, 0x00, 0xff, 0xff, 0xff, 0x00, 0xff, 0xff, 0xff, 0x00,
    0xff, 0xff, 0xff, 0x00, 0xff, 0xff, 0xff, 0x00, 0xff, 0xff, 0xff, 0x00,
    0xf5, 0xef, 0xe9, 0xdc, 0xf4, 0xef, 0xe9, 0xff, 0xf2, 0xec, 0xe4, 0xff,
    0xee, 0xe3, 0xd5, 0xff, 0xee, 0xe3, 0xd5, 0xff, 0xee, 0xe4, 0xd6, 0xff,
    0xef, 0xe4, 0xd7, 0xff, 0xef, 0xe4, 0xd7, 0xff, 0xef, 0xe5, 0xd7, 0xff,
    0xef, 0xe5, 0xd8, 0xff, 0xef, 0xe5, 0xd9, 0xff, 0xef, 0xe6, 0xd9, 0xff,
    0xf0, 0xe6, 0xda, 0xff, 0xf4, 0xee, 0xe7, 0xff, 0xf4, 0xef, 0xe9, 0xff,
    0xf2, 0xec, 0xe4, 0xff, 0xf0, 0xe7, 0xdc, 0xff, 0xf0, 0xe8, 0xdd, 0xff,
    0xf1, 0xe8, 0xdd, 0xff, 0xf1, 0xe8, 0xdd, 0xff, 0xf1, 0xe8, 0xde, 0xff,
    0xf1, 0xe9, 0xdf, 0xff, 0xf1, 0xe9, 0xdf, 0xff, 0xf1, 0xea, 0xe0, 0xff,
    0xf2, 0xea, 0xe0, 0xff, 0xf3, 0xec, 0xe4, 0xff, 0xf4, 0xef, 0xe9, 0xff,
    0xf4, 0xef, 0xe9, 0xff, 0xf2, 0xeb, 0xe2, 0xff, 0xf2, 0xec, 0xe3, 0xff,
    0xf2, 0xec, 0xe4, 0xff, 0xf2, 0xec, 0xe4, 0xff, 0xf3, 0xec, 0xe4, 0xff,
    0xf3, 0xed, 0xe5, 0xff, 0xf3, 0xed, 0xe6, 0xff, 0xf3, 0xed, 0xe6, 0xff,
    0xf3, 0xee, 0xe7, 0xff, 0xf3, 0xee, 0xe7, 0xff, 0xf4, 0xef, 0xe9, 0xff,
    0xf4, 0xef, 0xe9, 0xff, 0xf4, 0xef, 0xe9, 0xff, 0xf4, 0xef, 0xe9, 0xff,
    0xf4, 0xef, 0xe9, 0xff, 0xf4, 0xef, 0xe9, 0xff, 0xf4, 0xef, 0xe9, 0xff,
    0xf4, 0xef, 0xe9, 0xff, 0xf4, 0xef, 0xe9, 0xff, 0xf4, 0xef, 0xe9, 0xff,
    0xf4, 0xef, 0xe9, 0xff, 0xf4, 0xef, 0xe9, 0xff, 0xf4, 0xef, 0xe9, 0xff,
    0xf4, 0xef, 0xe9, 0xff, 0xf4, 0xef, 0xe9, 0xff, 0xf4, 0xf0, 0xea, 0x77,
    0xff, 0xff, 0xff, 0x00, 0xff, 0xff, 0xff, 0x00, 0xff, 0xff, 0xff, 0x00,
    0xff, 0xff, 0xff, 0x00, 0xff, 0xff, 0xff, 0x00, 0xff, 0xff, 0xff, 0x00,
    0xff, 0xff, 0xff, 0x00, 0xff, 0xff, 0xff, 0x00, 0xff, 0xff, 0xff, 0x00,
    0xff, 0xff, 0xff, 0x00, 0xf4, 0xef, 0xe9, 0xe4, 0xf4, 0xef, 0xe9, 0xff,
    0xf4, 0xef, 0xe9, 0xff, 0xf4, 0xef, 0xe9, 0xff, 0xf4, 0xef, 0xe9, 0xff,
    0xf4, 0xef, 0xe9, 0xff, 0xf4, 0xef, 0xe9, 0xff, 0xf4, 0xef, 0xe9, 0xff,
    0xf4, 0xef, 0xe9, 0xff, 0xf4, 0xef, 0xe9, 0xff, 0xf4, 0xef, 0xe9, 0xff,
    0xf4, 0xef, 0xe9, 0xff, 0xf4, 0xef, 0xe9, 0xff, 0xf4, 0xef, 0xe9, 0xff,
    0xf4, 0xef, 0xe9, 0xff, 0xf4, 0xef, 0xe9, 0xff, 0xf4, 0xef, 0xe9, 0xff,
    0xf4, 0xef, 0xe9, 0xff, 0xf4, 0xef, 0xe9, 0xff, 0xf4, 0xef, 0xe9, 0xff,
    0xf4, 0xef, 0xe9, 0xff, 0xf4, 0xef, 0xe9, 0xff, 0xf4, 0xef, 0xe9, 0xff,
    0xf4, 0xef, 0xe9, 0xff, 0xf4, 0xef, 0xe9, 0xff, 0xf4, 0xef, 0xe9, 0xff,
    0xf4, 0xef, 0xe9, 0xff, 0xf4, 0xef, 0xe9, 0xff, 0xf4, 0xef, 0xe9, 0xff,
    0xf4, 0xef, 0xe9, 0xff, 0xf4, 0xef, 0xe9, 0xff, 0xf4, 0xef, 0xe9, 0xff,
    0xf4, 0xef, 0xe9, 0xff, 0xf4, 0xef, 0xe9, 0xff, 0xf4, 0xef, 0xe9, 0xff,
    0xf4, 0xef, 0xe9, 0xff, 0xf4, 0xef, 0xe9, 0xff, 0xf4, 0xef, 0xe9, 0xff,
    0xf4, 0xef, 0xe9, 0xff, 0xf4, 0xef, 0xe9, 0xff, 0xf4, 0xef, 0xe9, 0xff,
    0xf4, 0xef, 0xe9, 0xff, 0xf4, 0xef, 0xe9, 0xff, 0xf4, 0xef, 0xe9, 0xff,
    0xf4, 0xef, 0xe9, 0xff, 0xf4, 0xef, 0xe9, 0xff, 0xf4, 0xef, 0xe9, 0xff,
    0xf4, 0xef, 0xe9, 0xff, 0xf4, 0xef, 0xe9, 0xff, 0xf4, 0xef, 0xe9, 0xff,
    0xf4, 0xef, 0xe9, 0xff, 0xf4, 0xef, 0xe9, 0xff, 0xf4, 0xef, 0xe9, 0xff,
    0xf4, 0xef, 0xe8, 0x71, 0xff, 0xff, 0xff, 0x00, 0xff, 0xff, 0xff, 0x00,
    0xff, 0xff, 0xff, 0x00, 0xff, 0xff, 0xff, 0x00, 0xff, 0xff, 0xff, 0x00,
    0xff, 0xff, 0xff, 0x00, 0xff, 0xff, 0xff, 0x00, 0xff, 0xff, 0xff, 0x00,
    0xff, 0xff, 0xff, 0x00, 0xff, 0xff, 0xff, 0x00, 0xf5, 0xf0, 0xe8, 0x64,
    0xf4, 0xef, 0xe9, 0xfd, 0xf4, 0xef, 0xe9, 0xff, 0xf4, 0xef, 0xe9, 0xff,
    0xf4, 0xef, 0xe9, 0xff, 0xf4, 0xef, 0xe9, 0xff, 0xf4, 0xef, 0xe9, 0xff,
    0xf4, 0xef, 0xe9, 0xff, 0xf4, 0xef, 0xe9, 0xff, 0xf4, 0xef, 0xe9, 0xff,
    0xf4, 0xef, 0xe9, 0xff, 0xf4, 0xef, 0xe9, 0xff, 0xf4, 0xef, 0xe9, 0xff,
    0xf4, 0xef, 0xe9, 0xff, 0xf4, 0xef, 0xe9, 0xff, 0xf4, 0xef, 0xe9, 0xff,
    0xf4, 0xef, 0xe9, 0xff, 0xf4, 0xef, 0xe9, 0xff, 0xf4, 0xef, 0xe9, 0xff,
    0xf4, 0xef, 0xe9, 0xff, 0xf4, 0xef, 0xe9, 0xff, 0xf4, 0xef, 0xe9, 0xff,
    0xf4, 0xef, 0xe9, 0xff, 0xf4, 0xef, 0xe9, 0xff, 0xf4, 0xef, 0xe9, 0xff,
    0xf4, 0xef, 0xe9, 0xff, 0xf4, 0xef, 0xe9, 0xff, 0xf4, 0xef, 0xe9, 0xff,
    0xf4, 0xef, 0xe9, 0xff, 0xf4, 0xef, 0xe9, 0xff, 0xf4, 0xef, 0xe9, 0xff,
    0xf4, 0xef, 0xe9, 0xff, 0xf4, 0xef, 0xe9, 0xff, 0xf4, 0xef, 0xe9, 0xff,
    0xf4, 0xef, 0xe9, 0xff, 0xf4, 0xef, 0xe9, 0xff, 0xf4, 0xef, 0xe9, 0xff,
    0xf4, 0xef, 0xe9, 0xff, 0xf4, 0xef, 0xe9, 0xff, 0xf4, 0xef, 0xe9, 0xff,
    0xf4, 0xef, 0xe9, 0xff, 0xf4, 0xef, 0xe9, 0xff, 0xf4, 0xef, 0xe9, 0xff,
    0xf4, 0xef, 0xe9, 0xff, 0xf4, 0xef, 0xe9, 0xff, 0xf4, 0xef, 0xe9, 0xff,
    0xf4, 0xef, 0xe9, 0xff, 0xf4, 0xef, 0xe9, 0xff, 0xf4, 0xef, 0xe9, 0xff,
    0xf4, 0xef, 0xe9, 0xff, 0xf4, 0xef, 0xe9, 0xff, 0xf4, 0xef, 0xe9, 0xfc,
    0xf4, 0xef, 0xea, 0xb3, 0xeb, 0xeb, 0xeb, 0x0d, 0xff, 0xff, 0xff, 0x00,
    0xff, 0xff, 0xff, 0x00, 0xff, 0xff, 0xff, 0x00, 0xff, 0xff, 0xff, 0x00,
    0xff, 0xff, 0xff, 0x00, 0xff, 0xff, 0xff, 0x00, 0xff, 0xff, 0xff, 0x00,
    0xff, 0xff, 0xff, 0x00, 0xff, 0xff, 0xff, 0x00, 0xff, 0xff, 0xff, 0x00,
    0xff, 0xff, 0xff, 0x00, 0xf0, 0xf0, 0xf0, 0x11, 0xf4, 0xef, 0xe9, 0x2f,
    0xf4, 0xee, 0xe9, 0x2e, 0xf4, 0xee, 0xe9, 0x2e, 0xf4, 0xee, 0xe8, 0x2d,
    0xf3, 0xee, 0xe8, 0x2c, 0xf3, 0xed, 0xe7, 0x2b, 0xf3, 0xed, 0xe7, 0x2a,
    0xf3, 0xec, 0xe6, 0x29, 0xf3, 0xec, 0xe6, 0x29, 0xf2, 0xec, 0xec, 0x28,
    0xf2, 0xf2, 0xeb, 0x27, 0xf2, 0xf2, 0xeb, 0x26, 0xf1, 0xf1, 0xea, 0x25,
    0xf1, 0xf1, 0xea, 0x25, 0xf1, 0xf1, 0xea, 0x24, 0xf0, 0xf0, 0xe9, 0x23,
    0xf8, 0xf0, 0xe9, 0x22, 0xf7, 0xf0, 0xe8, 0x21, 0xf7, 0xf0, 0xe8, 0x21,
    0xf7, 0xef, 0xe7, 0x20, 0xf7, 0xef, 0xe6, 0x1f, 0x76, 0x6f, 0x6a, 0x73,
    0x5b, 0x57, 0x51, 0xff, 0x5b, 0x57, 0x51, 0xff, 0x5a, 0x56, 0x51, 0xff,
    0x59, 0x55, 0x50, 0xff, 0x59, 0x55, 0x4f, 0xff, 0x59, 0x55, 0x4f, 0xf1,
    0xf5, 0xeb, 0xeb, 0x19, 0xf4, 0xea, 0xea, 0x18, 0xf4, 0xf4, 0xe9, 0x17,
    0xf3, 0xf3, 0xe8, 0x16, 0xf3, 0xf3, 0xe7, 0x15, 0xf2, 0xf2, 0xe6, 0x14,
    0xf2, 0xf2, 0xe6, 0x14, 0xf2, 0xf2, 0xe4, 0x13, 0xf1, 0xf1, 0xe3, 0x12,
    0xf0, 0xf0, 0xf0, 0x11, 0xef, 0xef, 0xef, 0x10, 0xef, 0xef, 0xef, 0x10,
    0xee, 0xee, 0xee, 0x0f, 0xed, 0xed, 0xed, 0x0e, 0xeb, 0xeb, 0xeb, 0x0d,
    0xea, 0xea, 0xea, 0x0c, 0xea, 0xea, 0xea, 0x0c, 0xff, 0xe8, 0xe8, 0x0b,
    0xff, 0xe6, 0xe6, 0x0a, 0xff, 0xe3, 0xe3, 0x09, 0xff, 0xdf, 0xdf, 0x08,
    0xff, 0xff, 0xff, 0x04, 0xff, 0xff, 0xff, 0x00, 0xff, 0xff, 0xff, 0x00,
    0xff, 0xff, 0xff, 0x00, 0xff, 0xff, 0xff, 0x00, 0xff, 0xff, 0xff, 0x00,
    0xff, 0xff, 0xff, 0x00, 0xff, 0xff, 0xff, 0x00, 0xff, 0xff, 0xff, 0x00,
    0xff, 0xff, 0xff, 0x00, 0xff, 0xff, 0xff, 0x00, 0xff, 0xff, 0xff, 0x00,
    0xff, 0xff, 0xff, 0x00, 0xff, 0xff, 0xff, 0x00, 0xff, 0xff, 0xff, 0x00,
    0xff, 0xff, 0xff, 0x00, 0xff, 0xff, 0xff, 0x00, 0xff, 0xff, 0xff, 0x00,
    0xff, 0xff, 0xff, 0x00, 0xff, 0xff, 0xff, 0x00, 0xff, 0xff, 0xff, 0x00,
    0xff, 0xff, 0xff, 0x00, 0xff, 0xff, 0xff, 0x00, 0xff, 0xff, 0xff, 0x00,
    0xff, 0xff, 0xff, 0x00, 0xff, 0xff, 0xff, 0x00, 0xff, 0xff, 0xff, 0x00,
    0xff, 0xff, 0xff, 0x00, 0xff, 0xff, 0xff, 0x00, 0xff, 0xff, 0xff, 0x00,
    0xff, 0xff, 0xff, 0x00, 0xff, 0xff, 0xff, 0x00, 0xff, 0xff, 0xff, 0x00,
    0xff, 0xff, 0xff, 0x00, 0xff, 0xff, 0xff, 0x00, 0xff, 0xff, 0xff, 0x00,
    0x48, 0x42, 0x3d, 0x60, 0x47, 0x43, 0x3e, 0xff, 0x47, 0x43, 0x3e, 0xff,
    0x47, 0x43, 0x3e, 0xff, 0x47, 0x43, 0x3e, 0xff, 0x47, 0x43, 0x3e, 0xff,
    0x47, 0x43, 0x3e, 0xf0, 0xff, 0xff, 0xff, 0x00, 0xff, 0xff, 0xff, 0x00,
    0xff, 0xff, 0xff, 0x00, 0xff, 0xff, 0xff, 0x00, 0xff, 0xff, 0xff, 0x00,
    0xff, 0xff, 0xff, 0x00, 0xff, 0xff, 0xff, 0x00, 0xff, 0xff, 0xff, 0x00,
    0xff, 0xff, 0xff, 0x00, 0xff, 0xff, 0xff, 0x00, 0xff, 0xff, 0xff, 0x00,
    0xff, 0xff, 0xff, 0x00, 0xff, 0xff, 0xff, 0x00, 0xff, 0xff, 0xff, 0x00,
    0xff, 0xff, 0xff, 0x00, 0xff, 0xff, 0xff, 0x00, 0xff, 0xff, 0xff, 0x00,
    0xff, 0xff, 0xff, 0x00, 0xff, 0xff, 0xff, 0x00, 0xff, 0xff, 0xff, 0x00,
    0xff, 0xff, 0xff, 0x00, 0xff, 0xff, 0xff, 0x00, 0xff, 0xff, 0xff, 0x00,
    0xff, 0xff, 0xff, 0x00, 0xff, 0xff, 0xff, 0x00, 0xff, 0xff, 0xff, 0x00,
    0xff, 0xff, 0xff, 0x00, 0xff, 0xff, 0xff, 0x00, 0xff, 0xff, 0xff, 0x00,
    0xff, 0xff, 0xff, 0x00, 0xff, 0xff, 0xff, 0x00, 0xff, 0xff, 0xff, 0x00,
    0xff, 0xff, 0xff, 0x00, 0xff, 0xff, 0xff, 0x00, 0xff, 0xff, 0xff, 0x00,
    0xff, 0xff, 0xff, 0x00, 0xff, 0xff, 0xff, 0x00, 0xff, 0xff, 0xff, 0x00,
    0xff, 0xff, 0xff, 0x00, 0xff, 0xff, 0xff, 0x00, 0xff, 0xff, 0xff, 0x00,
    0xff, 0xff, 0xff, 0x00, 0xff, 0xff, 0xff, 0x00, 0xff, 0xff, 0xff, 0x00,
    0xff, 0xff, 0xff, 0x00, 0xff, 0xff, 0xff, 0x00, 0xff, 0xff, 0xff, 0x00,
    0xff, 0xff, 0xff, 0x00, 0xff, 0xff, 0xff, 0x00, 0xff, 0xff, 0xff, 0x00,
    0xff, 0xff, 0xff, 0x00, 0xff, 0xff, 0xff, 0x00, 0xff, 0xff, 0xff, 0x00,
    0xff, 0xff, 0xff, 0x00, 0xff, 0xff, 0xff, 0x00, 0xff, 0xff, 0xff, 0x00,
    0xff, 0xff, 0xff, 0x00, 0x48, 0x42, 0x3d, 0x60, 0x47, 0x43, 0x3e, 0xff,
    0x47, 0x43, 0x3e, 0xff, 0x47, 0x43, 0x3e, 0xff, 0x47, 0x43, 0x3e, 0xff,
    0x47, 0x43, 0x3e, 0xff, 0x47, 0x43, 0x3e, 0xf0, 0xff, 0xff, 0xff, 0x00,
    0xff, 0xff, 0xff, 0x00, 0xff, 0xff, 0xff, 0x00, 0xff, 0xff, 0xff, 0x00,
    0xff, 0xff, 0xff, 0x00, 0xff, 0xff, 0xff, 0x00, 0xff, 0xff, 0xff, 0x00,
    0xff, 0xff, 0xff, 0x00, 0xff, 0xff, 0xff, 0x00, 0xff, 0xff, 0xff, 0x00,
    0xff, 0xff, 0xff, 0x00, 0xff, 0xff, 0xff, 0x00, 0xff, 0xff, 0xff, 0x00,
    0xff, 0xff, 0xff, 0x00, 0xff, 0xff, 0xff, 0x00, 0xff, 0xff, 0xff, 0x00,
    0xff, 0xff, 0xff, 0x00, 0xff, 0xff, 0xff, 0x00, 0xff, 0xff, 0xff, 0x00,
    0xff, 0xff, 0xff, 0x00, 0xff, 0xff, 0xff, 0x00, 0xff, 0xff, 0xff, 0x00,
    0xff, 0xff, 0xff, 0x00, 0xff, 0xff, 0xff, 0x00, 0xff, 0xff, 0xff, 0x00,
    0xff, 0xff, 0xff, 0x00, 0xff, 0xff, 0xff, 0x00, 0xff, 0xff, 0xff, 0x00,
    0xff, 0xff, 0xff, 0x00, 0xff, 0xff, 0xff, 0x00, 0xff, 0xff, 0xff, 0x00,
    0xff, 0xff, 0xff, 0x00, 0xff, 0xff, 0xff, 0x00, 0xff, 0xff, 0xff, 0x00,
    0xff, 0xff, 0xff, 0x00, 0xff, 0xff, 0xff, 0x00, 0xff, 0xff, 0xff, 0x00,
    0xff, 0xff, 0xff, 0x00, 0xff, 0xff, 0xff, 0x00, 0xff, 0xff, 0xff, 0x00,
    0xff, 0xff, 0xff, 0x00, 0xff, 0xff, 0xff, 0x00, 0xff, 0xff, 0xff, 0x00,
    0xff, 0xff, 0xff, 0x00, 0xff, 0xff, 0xff, 0x00, 0xff, 0xff, 0xff, 0x00,
    0xff, 0xff, 0xff, 0x00, 0xff, 0xff, 0xff, 0x00, 0xff, 0xff, 0xff, 0x00,
    0xff, 0xff, 0xff, 0x00, 0xff, 0xff, 0xff, 0x00, 0xff, 0xff, 0xff, 0x00,
    0xff, 0xff, 0xff, 0x00, 0xff, 0xff, 0xff, 0x00, 0xff, 0xff, 0xff, 0x00,
    0xff, 0xff, 0xff, 0x00, 0xff, 0xff, 0xff, 0x00, 0x48, 0x42, 0x3d, 0x60,
    0x47, 0x43, 0x3e, 0xff, 0x47, 0x43, 0x3e, 0xff, 0x47, 0x43, 0x3e, 0xff,
    0x47, 0x43, 0x3e, 0xff, 0x47, 0x43, 0x3e, 0xff, 0x47, 0x43, 0x3e, 0xf0,
    0xff, 0xff, 0xff, 0x00, 0xff, 0xff, 0xff, 0x00, 0xff, 0xff, 0xff, 0x00,
    0xff, 0xff, 0xff, 0x00, 0xff, 0xff, 0xff, 0x00, 0xff, 0xff, 0xff, 0x00,
    0xff, 0xff, 0xff, 0x00, 0xff, 0xff, 0xff, 0x00, 0xff, 0xff, 0xff, 0x00,
    0xff, 0xff, 0xff, 0x00, 0xff, 0xff, 0xff, 0x00, 0xff, 0xff, 0xff, 0x00,
    0xff, 0xff, 0xff, 0x00, 0xff, 0xff, 0xff, 0x00, 0xff, 0xff, 0xff, 0x00,
    0xff, 0xff, 0xff, 0x00, 0xff, 0xff, 0xff, 0x00, 0xff, 0xff, 0xff, 0x00,
    0xff, 0xff, 0xff, 0x00, 0xff, 0xff, 0xff, 0x00, 0xff, 0xff, 0xff, 0x00,
    0xff, 0xff, 0xff, 0x00, 0xff, 0xff, 0xff, 0x00, 0xff, 0xff, 0xff, 0x00,
    0xff, 0xff, 0xff, 0x00, 0xff, 0xff, 0xff, 0x00, 0xff, 0xff, 0xff, 0x00,
    0xff, 0xff, 0xff, 0x00, 0xff, 0xff, 0xff, 0x00, 0xff, 0xff, 0xff, 0x00,
    0xff, 0xff, 0xff, 0x00, 0xff, 0xff, 0xff, 0x00, 0xff, 0xff, 0xff, 0x00,
    0xff, 0xff, 0xff, 0x00, 0xff, 0xff, 0xff, 0x00, 0xff, 0xff, 0xff, 0x00,
    0xff, 0xff, 0xff, 0x00, 0xff, 0xff, 0xff, 0x00, 0xff, 0xff, 0xff, 0x00,
    0xff, 0xff, 0xff, 0x00, 0xff, 0xff, 0xff, 0x00, 0xff, 0xff, 0xff, 0x00,
    0xff, 0xff, 0xff, 0x00, 0xff, 0xff, 0xff, 0x00, 0xff, 0xff, 0xff, 0x00,
    0xff, 0xff, 0xff, 0x00, 0xff, 0xff, 0xff, 0x00, 0xff, 0xff, 0xff, 0x00,
    0xff, 0xff, 0xff, 0x00, 0xff, 0xff, 0xff, 0x00, 0xff, 0xff, 0xff, 0x00,
    0xff, 0xff, 0xff, 0x00, 0xff, 0xff, 0xff, 0x00, 0xff, 0xff, 0xff, 0x00,
    0xff, 0xff, 0xff, 0x00, 0xff, 0xff, 0xff, 0x00, 0xff, 0xff, 0xff, 0x00,
    0x48, 0x42, 0x3d, 0x60, 0x47, 0x43, 0x3e, 0xff, 0x47, 0x43, 0x3e, 0xff,
    0x47, 0x43, 0x3e, 0xff, 0x47, 0x43, 0x3e, 0xff, 0x47, 0x43, 0x3e, 0xff,
    0x47, 0x43, 0x3e, 0xf0, 0xff, 0xff, 0xff, 0x00, 0xff, 0xff, 0xff, 0x00,
    0xff, 0xff, 0xff, 0x00, 0xff, 0xff, 0xff, 0x00, 0xff, 0xff, 0xff, 0x00,
    0xff, 0xff, 0xff, 0x00, 0xff, 0xff, 0xff, 0x00, 0xff, 0xff, 0xff, 0x00,
    0xff, 0xff, 0xff, 0x00, 0xff, 0xff, 0xff, 0x00, 0xff, 0xff, 0xff, 0x00,
    0xff, 0xff, 0xff, 0x00, 0xff, 0xff, 0xff, 0x00, 0xff, 0xff, 0xff, 0x00,
    0xff, 0xff, 0xff, 0x00, 0xff, 0xff, 0xff, 0x00, 0xff, 0xff, 0xff, 0x00,
    0xff, 0xff, 0xff, 0x00, 0xff, 0xff, 0xff, 0x00, 0xff, 0xff, 0xff, 0x00,
    0xff, 0xff, 0xff, 0x00, 0xff, 0xff, 0xff, 0x00, 0xff, 0xff, 0xff, 0x00,
    0xff, 0xff, 0xff, 0x00, 0xff, 0xff, 0xff, 0x00, 0xff, 0xff, 0xff, 0x00,
    0xff, 0xff, 0xff, 0x00, 0xff, 0xff, 0xff, 0x00, 0xff, 0xff, 0xff, 0x00,
    0xff, 0xff, 0xff, 0x00, 0xff, 0xff, 0xff, 0x00, 0xff, 0xff, 0xff, 0x00,
    0xff, 0xff, 0xff, 0x00, 0xff, 0xff, 0xff, 0x00, 0xff, 0xff, 0xff, 0x00,
    0xff, 0xff, 0xff, 0x00, 0xff, 0xff, 0xff, 0x00, 0xff, 0xff, 0xff, 0x00,
    0xff, 0xff, 0xff, 0x00, 0xff, 0xff, 0xff, 0x00, 0xff, 0xff, 0xff, 0x00,
    0xff, 0xff, 0xff, 0x00, 0xff, 0xff, 0xff, 0x00, 0xff, 0xff, 0xff, 0x00,
    0xff, 0xff, 0xff, 0x00, 0xff, 0xff, 0xff, 0x00, 0xff, 0xff, 0xff, 0x00,
    0xff, 0xff, 0xff, 0x00, 0xff, 0xff, 0xff, 0x00, 0xff, 0xff, 0xff, 0x00,
    0xff, 0xff, 0xff, 0x00, 0xff, 0xff, 0xff, 0x00, 0xff, 0xff, 0xff, 0x00,
    0xff, 0xff, 0xff, 0x00, 0xff, 0xff, 0xff, 0x00, 0xff, 0xff, 0xff, 0x00,
    0xff, 0xff, 0xff, 0x00, 0x48, 0x42, 0x3d, 0x60, 0x47, 0x43, 0x3e, 0xff,
    0x47, 0x43, 0x3e, 0xff, 0x47, 0x43, 0x3e, 0xff, 0x47, 0x43, 0x3e, 0xff,
    0x47, 0x43, 0x3e, 0xff, 0x47, 0x43, 0x3e, 0xf0, 0xff, 0xff, 0xff, 0x00,
    0xff, 0xff, 0xff, 0x00, 0xff, 0xff, 0xff, 0x00, 0xff, 0xff, 0xff, 0x00,
    0xff, 0xff, 0xff, 0x00, 0xff, 0xff, 0xff, 0x00, 0xff, 0xff, 0xff, 0x00,
    0xff, 0xff, 0xff, 0x00, 0xff, 0xff, 0xff, 0x00, 0xff, 0xff, 0xff, 0x00,
    0xff, 0xff, 0xff, 0x00, 0xff, 0xff, 0xff, 0x00, 0xff, 0xff, 0xff, 0x00,
    0xff, 0xff, 0xff, 0x00, 0xff, 0xff, 0xff, 0x00, 0xff, 0xff, 0xff, 0x00,
    0xff, 0xff, 0xff, 0x00, 0xff, 0xff, 0xff, 0x00, 0xff, 0xff, 0xff, 0x00,
    0xff, 0xff, 0xff, 0x00, 0xff, 0xff, 0xff, 0x00, 0xff, 0xff, 0xff, 0x00,
    0xff, 0xff, 0xff, 0x00, 0xff, 0xff, 0xff, 0x00, 0xff, 0xff, 0xff, 0x00,
    0xff, 0xff, 0xff, 0x00, 0xff, 0xff, 0xff, 0x00, 0xff, 0xff, 0xff, 0x00,
    0xff, 0xff, 0xff, 0x00, 0xff, 0xff, 0xff, 0x00, 0xff, 0xff, 0xff, 0x00,
    0xff, 0xff, 0xff, 0x00, 0xff, 0xff, 0xff, 0x00, 0xff, 0xff, 0xff, 0x00,
    0xff, 0xff, 0xff, 0x00, 0xff, 0xff, 0xff, 0x00, 0xff, 0xff, 0xff, 0x00,
    0xff, 0xff, 0xff, 0x00, 0xff, 0xff, 0xff, 0x00, 0xff, 0xff, 0xff, 0x00,
    0xff, 0xff, 0xff, 0x00, 0xff, 0xff, 0xff, 0x00, 0xff, 0xff, 0xff, 0x00,
    0xff, 0xff, 0xff, 0x00, 0xff, 0xff, 0xff, 0x00, 0xff, 0xff, 0xff, 0x00,
    0xff, 0xff, 0xff, 0x00, 0xff, 0xff, 0xff, 0x00, 0xff, 0xff, 0xff, 0x00,
    0xff, 0xff, 0xff, 0x00, 0xff, 0xff, 0xff, 0x00, 0xff, 0xff, 0xff, 0x00,
    0xff, 0xff, 0xff, 0x00, 0xff, 0xff, 0xff, 0x00, 0x68, 0x5d, 0x5d, 0x16,
    0x66, 0x60, 0x59, 0x28, 0x66, 0x60, 0x59, 0x28, 0x50, 0x4c, 0x48, 0x79,
    0x4b, 0x47, 0x43, 0xff, 0x4b, 0x47, 0x43, 0xff, 0x4b, 0x47, 0x43, 0xff,
    0x4b, 0x47, 0x43, 0xff, 0x4b, 0x47, 0x43, 0xff, 0x4c, 0x48, 0x42, 0xf2,
    0x66, 0x60, 0x59, 0x28, 0x66, 0x60, 0x59, 0x28, 0x62, 0x62, 0x5c, 0x27,
    0x66, 0x66, 0x66, 0x05, 0xff, 0xff, 0xff, 0x00, 0xff, 0xff, 0xff, 0x00,
    0xff, 0xff, 0xff, 0x00, 0xff, 0xff, 0xff, 0x00, 0xff, 0xff, 0xff, 0x00,
    0xff, 0xff, 0xff, 0x00, 0xff, 0xff, 0xff, 0x00, 0xff, 0xff, 0xff, 0x00,
    0xff, 0xff, 0xff, 0x00, 0xff, 0xff, 0xff, 0x00, 0xff, 0xff, 0xff, 0x00,
    0xff, 0xff, 0xff, 0x00, 0xff, 0xff, 0xff, 0x00, 0xff, 0xff, 0xff, 0x00,
    0xff, 0xff, 0xff, 0x00, 0xff, 0xff, 0xff, 0x00, 0xff, 0xff, 0xff, 0x00,
    0xff, 0xff, 0xff, 0x00, 0xff, 0xff, 0xff, 0x00, 0xff, 0xff, 0xff, 0x00,
    0xff, 0xff, 0xff, 0x00, 0xff, 0xff, 0xff, 0x00, 0xff, 0xff, 0xff, 0x00,
    0xff, 0xff, 0xff, 0x00, 0xff, 0xff, 0xff, 0x00, 0xff, 0xff, 0xff, 0x00,
    0xff, 0xff, 0xff, 0x00, 0xff, 0xff, 0xff, 0x00, 0xff, 0xff, 0xff, 0x00,
    0xff, 0xff, 0xff, 0x00, 0xff, 0xff, 0xff, 0x00, 0xff, 0xff, 0xff, 0x00,
    0xff, 0xff, 0xff, 0x00, 0xff, 0xff, 0xff, 0x00, 0xff, 0xff, 0xff, 0x00,
    0xff, 0xff, 0xff, 0x00, 0xff, 0xff, 0xff, 0x00, 0xff, 0xff, 0xff, 0x00,
    0xff, 0xff, 0xff, 0x00, 0xff, 0xff, 0xff, 0x00, 0xff, 0xff, 0xff, 0x00,
    0xff, 0xff, 0xff, 0x00, 0xff, 0xff, 0xff, 0x00, 0xff, 0xff, 0xff, 0x00,
    0xff, 0xff, 0xff, 0x00, 0xff, 0xff, 0xff, 0x00, 0xff, 0xff, 0xff, 0x00,
    0xff, 0xff, 0xff, 0x00, 0x63, 0x5e, 0x5b, 0x5f, 0x63, 0x5f, 0x5b, 0xc2,
    0x63, 0x5f, 0x5b, 0xfe, 0x63, 0x5f, 0x5b, 0xff, 0x63, 0x5f, 0x5b, 0xff,
    0x63, 0x5f, 0x5b, 0xff, 0x63, 0x5f, 0x5b, 0xff, 0x63, 0x5f, 0x5b, 0xff,
    0x63, 0x5f, 0x5b, 0xff, 0x63, 0x5f, 0x5b, 0xff, 0x63, 0x5f, 0x5b, 0xff,
    0x63, 0x5f, 0x5b, 0xff, 0x63, 0x5f, 0x5b, 0xff, 0x63, 0x5f, 0x5b, 0xff,
    0x63, 0x5f, 0x5b, 0xff, 0x63, 0x5f, 0x5b, 0xee, 0x64, 0x5f, 0x5c, 0x9c,
    0x60, 0x60, 0x5a, 0x25, 0xff, 0xff, 0xff, 0x00, 0xff, 0xff, 0xff, 0x00,
    0xff, 0xff, 0xff, 0x00, 0xff, 0xff, 0xff, 0x00, 0xff, 0xff, 0xff, 0x00,
    0xff, 0xff, 0xff, 0x00, 0xff, 0xff, 0xff, 0x00, 0xff, 0xff, 0xff, 0x00,
    0xff, 0xff, 0xff, 0x00, 0xff, 0xff, 0xff, 0x00, 0xff, 0xff, 0xff, 0x00,
    0xff, 0xff, 0xff, 0x00, 0xff, 0xff, 0xff, 0x00, 0xff, 0xff, 0xff, 0x00,
    0xff, 0xff, 0xff, 0x00, 0xff, 0xff, 0xff, 0x00, 0xff, 0xff, 0xff, 0x00,
    0xff, 0xff, 0xff, 0x00, 0xff, 0xff, 0xff, 0x00, 0xff, 0xff, 0xff, 0x00,
    0xff, 0xff, 0xff, 0x00, 0xff, 0xff, 0xff, 0x00, 0xff, 0xff, 0xff, 0x00,
    0xff, 0xff, 0xff, 0x00, 0xff, 0xff, 0xff, 0x00, 0xff, 0xff, 0xff, 0x00,
    0xff, 0xff, 0xff, 0x00, 0xff, 0xff, 0xff, 0x00, 0xff, 0xff, 0xff, 0x00,
    0xff, 0xff, 0xff, 0x00, 0xff, 0xff, 0xff, 0x00, 0xff, 0xff, 0xff, 0x00,
    0xff, 0xff, 0xff, 0x00, 0xff, 0xff, 0xff, 0x00, 0xff, 0xff, 0xff, 0x00,
    0xff, 0xff, 0xff, 0x00, 0xff, 0xff, 0xff, 0x00, 0xff, 0xff, 0xff, 0x00,
    0xff, 0xff, 0xff, 0x00, 0xff, 0xff, 0xff, 0x00, 0xff, 0xff, 0xff, 0x00,
    0xff, 0xff, 0xff, 0x00, 0xff, 0xff, 0xff, 0x00, 0xff, 0xff, 0xff, 0x00,
    0xff, 0xff, 0xff, 0x00, 0x63, 0x5f, 0x5b, 0x43, 0x63, 0x5f, 0x5b, 0xff,
    0x63, 0x5f, 0x5b, 0xff, 0x63, 0x5f, 0x5b, 0xff, 0x63, 0x5f, 0x5b, 0xff,
    0x63, 0x5f, 0x5b, 0xff, 0x63, 0x5f, 0x5b, 0xff, 0x63, 0x5f, 0x5b, 0xff,
    0x63, 0x5f, 0x5b, 0xff, 0x63, 0x5f, 0x5b, 0xff, 0x63, 0x5f, 0x5b, 0xff,
    0x63, 0x5f, 0x5b, 0xff, 0x63, 0x5f, 0x5b, 0xff, 0x63, 0x5f, 0x5b, 0xff,
    0x63, 0x5f, 0x5b, 0xff, 0x63, 0x5f, 0x5b, 0xff, 0x63, 0x5f, 0x5b, 0xff,
    0x63, 0x5f, 0x5b, 0xff, 0x63, 0x5f, 0x5c, 0xce, 0x80, 0x40, 0x40, 0x04,
    0xff, 0xff, 0xff, 0x00, 0xff, 0xff, 0xff, 0x00, 0xff, 0xff, 0xff, 0x00,
    0xff, 0xff, 0xff, 0x00, 0xff, 0xff, 0xff, 0x00, 0xff, 0xff, 0xff, 0x00,
    0xff, 0xff, 0xff, 0x00, 0xff, 0xff, 0xff, 0x00, 0xff, 0xff, 0xff, 0x00,
    0xff, 0xff, 0xff, 0x00, 0xff, 0xff, 0xff, 0x00, 0xff, 0xff, 0xff, 0x00,
    0xff, 0xff, 0xff, 0x00, 0xff, 0xff, 0xff, 0x00, 0xff, 0xff, 0xff, 0x00,
    0xff, 0xff, 0xff, 0x00, 0xff, 0xff, 0xff, 0x00, 0xff, 0xff, 0xff, 0x00,
    0xff, 0xff, 0xff, 0x00, 0xff, 0xff, 0xff, 0x00, 0xff, 0xff, 0xff, 0x00,
    0xff, 0xff, 0xff, 0x00, 0xff, 0xff, 0xff, 0x00, 0xff, 0xff, 0xff, 0x00,
    0xff, 0xff, 0xff, 0x00, 0xff, 0xff, 0xff, 0x00, 0xff, 0xff, 0xff, 0x00,
    0xff, 0xff, 0xff, 0x00, 0xff, 0xff, 0xff, 0x00, 0xff, 0xff, 0xff, 0x00,
    0xff, 0xff, 0xff, 0x00, 0xff, 0xff, 0xff, 0x00, 0xff, 0xff, 0xff, 0x00,
    0xff, 0xff, 0xff, 0x00, 0xff, 0xff, 0xff, 0x00, 0xff, 0xff, 0xff, 0x00,
    0xff, 0xff, 0xff, 0x00, 0xff, 0xff, 0xff, 0x00, 0xff, 0xff, 0xff, 0x00,
    0xff, 0xff, 0xff, 0x00, 0xff, 0xff, 0xff, 0x00, 0xff, 0xff, 0xff, 0x00,
    0xff, 0xff, 0xff, 0x00, 0xff, 0xff, 0xff, 0x00, 0x63, 0x5e, 0x5b, 0x9d,
    0x64, 0x60, 0x5c, 0xc0, 0x64, 0x60, 0x5c, 0xc0, 0x64, 0x60, 0x5c, 0xc0,
    0x64, 0x60, 0x5c, 0xc0, 0x64, 0x60, 0x5c, 0xc0, 0x64, 0x60, 0x5c, 0xc0,
    0x64, 0x60, 0x5c, 0xc0, 0x64, 0x60, 0x5c, 0xc0, 0x64, 0x60, 0x5c, 0xc0,
    0x64, 0x60, 0x5c, 0xc0, 0x64, 0x60, 0x5c, 0xc0, 0x64, 0x60, 0x5c, 0xc0,
    0x64, 0x60, 0x5c, 0xc0, 0x64, 0x60, 0x5c, 0xc0, 0x64, 0x60, 0x5c, 0xc0,
    0x64, 0x60, 0x5c, 0xc0, 0x64, 0x60, 0x5c, 0xc0, 0x64, 0x60, 0x5c, 0xc0,
    0x62, 0x5e, 0x5b, 0x49, 0xff, 0xff, 0xff, 0x00, 0xff, 0xff, 0xff, 0x00,
    0xff, 0xff, 0xff, 0x00, 0xff, 0xff, 0xff, 0x00, 0xff, 0xff, 0xff, 0x00,
    0xff, 0xff, 0xff, 0x00, 0xff, 0xff, 0xff, 0x00, 0xff, 0xff, 0xff, 0x00,
    0xff, 0xff, 0xff, 0x00, 0xff, 0xff, 0xff, 0x00, 0xff, 0xff, 0xff, 0x00,
    0xff, 0xff, 0xff, 0x00, 0xff, 0xff, 0xff, 0x00, 0xff, 0xff, 0xff, 0x00,
    0xff, 0xff, 0xff, 0x00, 0xff, 0xff, 0xff, 0x00, 0xff, 0xff, 0xff, 0x00,
    0xff, 0xff, 0xff, 0x00, 0xff, 0xff, 0xff, 0x00, 0xff, 0xff, 0xff, 0x00,
    0xff, 0xff, 0xff, 0x00, 0xff, 0xff, 0xff, 0x00, 0xff, 0xff, 0xff, 0x00,
    0xff, 0xff, 0xff, 0x00, 0xff, 0xff, 0xff, 0x00, 0xff, 0xff, 0xff, 0x00,
    0xff, 0xff, 0xff, 0x00
};
