// 4.26.1 0x1fe7c43e D2 AY R0 FARGB8888 U888 N0 SExtFlashSection
// Generated by imageconverter. Please, do not edit!

#include <touchgfx/hal/Config.hpp>

LOCATION_PRAGMA("ExtFlashSection")
KEEP extern const unsigned char image_ac_power[] LOCATION_ATTRIBUTE("ExtFlashSection") = { // 64x64 ARGB8888 pixels.
    0x00, 0x00, 0x00, 0x00, 0x00, 0x00, 0x00, 0x00, 0x00, 0x00, 0x00, 0x00,
    0x00, 0x00, 0x00, 0x00, 0x00, 0x00, 0x00, 0x00, 0x00, 0x00, 0x00, 0x00,
    0x00, 0x00, 0x00, 0x00, 0x00, 0x00, 0x00, 0x00, 0x00, 0x00, 0x00, 0x00,
    0x00, 0x00, 0x00, 0x00, 0x00, 0x00, 0x00, 0x00, 0x00, 0x00, 0x00, 0x00,
    0x00, 0x00, 0x00, 0x00, 0x00, 0x00, 0x00, 0x00, 0x00, 0x00, 0x00, 0x00,
    0x00, 0x00, 0x00, 0x00, 0x00, 0x00, 0x00, 0x00, 0x00, 0x00, 0x00, 0x00,
    0x00, 0x00, 0x00, 0x00, 0x00, 0x00, 0x00, 0x00, 0x00, 0x00, 0x00, 0x00,
    0x00, 0x00, 0x00, 0x00, 0x00, 0x00, 0x00, 0x00, 0x00, 0x00, 0x00, 0x00,
    0xff, 0xbb, 0x66, 0x1e, 0xfc, 0xb8, 0x65, 0x56, 0xfd, 0xba, 0x64, 0x85,
    0xfc, 0xba, 0x64, 0xad, 0xfb, 0xb8, 0x64, 0xce, 0xfb, 0xb5, 0x5b, 0xe9,
    0xfb, 0xad, 0x4d, 0xf9, 0xfa, 0xa6, 0x3e, 0xff, 0xfa, 0x9f, 0x30, 0xff,
    0xf8, 0x98, 0x1f, 0xff, 0xf9, 0x9b, 0x28, 0xfb, 0xfa, 0x9f, 0x30, 0xef,
    0xfa, 0xa3, 0x39, 0xd8, 0xfc, 0xa8, 0x3e, 0xb2, 0xfb, 0xa5, 0x40, 0x80,
    0xff, 0xbb, 0x66, 0x1e, 0x00, 0x00, 0x00, 0x00, 0x00, 0x00, 0x00, 0x00,
    0x00, 0x00, 0x00, 0x00, 0x00, 0x00, 0x00, 0x00, 0x00, 0x00, 0x00, 0x00,
    0x00, 0x00, 0x00, 0x00, 0x00, 0x00, 0x00, 0x00, 0x00, 0x00, 0x00, 0x00,
    0x00, 0x00, 0x00, 0x00, 0x00, 0x00, 0x00, 0x00, 0x00, 0x00, 0x00, 0x00,
    0x00, 0x00, 0x00, 0x00, 0x00, 0x00, 0x00, 0x00, 0x00, 0x00, 0x00, 0x00,
    0x00, 0x00, 0x00, 0x00, 0x00, 0x00, 0x00, 0x00, 0x00, 0x00, 0x00, 0x00,
    0x00, 0x00, 0x00, 0x00, 0x00, 0x00, 0x00, 0x00, 0x00, 0x00, 0x00, 0x00,
    0x00, 0x00, 0x00, 0x00, 0x00, 0x00, 0x00, 0x00, 0x00, 0x00, 0x00, 0x00,
    0x00, 0x00, 0x00, 0x00, 0x00, 0x00, 0x00, 0x00, 0x00, 0x00, 0x00, 0x00,
    0x00, 0x00, 0x00, 0x00, 0x00, 0x00, 0x00, 0x00, 0x00, 0x00, 0x00, 0x00,
    0x00, 0x00, 0x00, 0x00, 0x00, 0x00, 0x00, 0x00, 0x00, 0x00, 0x00, 0x00,
    0x00, 0x00, 0x00, 0x00, 0x00, 0x00, 0x00, 0x00, 0x00, 0x00, 0x00, 0x00,
    0x00, 0x00, 0x00, 0x00, 0x00, 0x00, 0x00, 0x00, 0x00, 0x00, 0x00, 0x00,
    0x00, 0x00, 0x00, 0x00, 0x00, 0x00, 0x00, 0x00, 0x00, 0x00, 0x00, 0x00,
    0x00, 0x00, 0x00, 0x00, 0x00, 0x00, 0x00, 0x00, 0x00, 0x00, 0x00, 0x00,
    0x00, 0x00, 0x00, 0x00, 0xfb, 0xb9, 0x63, 0x3e, 0xfd, 0xba, 0x63, 0x8d,
    0xfb, 0xb9, 0x64, 0xd6, 0xfc, 0xb9, 0x64, 0xff, 0xfc, 0xb9, 0x64, 0xff,
    0xfc, 0xb9, 0x64, 0xff, 0xfc, 0xb9, 0x64, 0xff, 0xfc, 0xb9, 0x64, 0xff,
    0xfc, 0xb9, 0x64, 0xff, 0xfc, 0xb9, 0x64, 0xff, 0xfc, 0xb9, 0x64, 0xff,
    0xfc, 0xb9, 0x64, 0xff, 0xfc, 0xb9, 0x64, 0xff, 0xfc, 0xb6, 0x5e, 0xff,
    0xfb, 0xae, 0x4f, 0xff, 0xfb, 0xa5, 0x39, 0xff, 0xf9, 0x99, 0x22, 0xff,
    0xf9, 0x96, 0x1c, 0xff, 0xf9, 0x98, 0x20, 0xff, 0xf9, 0x9f, 0x2f, 0xf2,
    0xfa, 0xa5, 0x3a, 0xbc, 0xf9, 0xaa, 0x49, 0x57, 0x00, 0x00, 0x00, 0x00,
    0x00, 0x00, 0x00, 0x00, 0x00, 0x00, 0x00, 0x00, 0x00, 0x00, 0x00, 0x00,
    0x00, 0x00, 0x00, 0x00, 0x00, 0x00, 0x00, 0x00, 0x00, 0x00, 0x00, 0x00,
    0x00, 0x00, 0x00, 0x00, 0x00, 0x00, 0x00, 0x00, 0x00, 0x00, 0x00, 0x00,
    0x00, 0x00, 0x00, 0x00, 0x00, 0x00, 0x00, 0x00, 0x00, 0x00, 0x00, 0x00,
    0x00, 0x00, 0x00, 0x00, 0x00, 0x00, 0x00, 0x00, 0x00, 0x00, 0x00, 0x00,
    0x00, 0x00, 0x00, 0x00, 0x00, 0x00, 0x00, 0x00, 0x00, 0x00, 0x00, 0x00,
    0x00, 0x00, 0x00, 0x00, 0x00, 0x00, 0x00, 0x00, 0x00, 0x00, 0x00, 0x00,
    0x00, 0x00, 0x00, 0x00, 0x00, 0x00, 0x00, 0x00, 0x00, 0x00, 0x00, 0x00,
    0x00, 0x00, 0x00, 0x00, 0x00, 0x00, 0x00, 0x00, 0x00, 0x00, 0x00, 0x00,
    0x00, 0x00, 0x00, 0x00, 0x00, 0x00, 0x00, 0x00, 0x00, 0x00, 0x00, 0x00,
    0x00, 0x00, 0x00, 0x00, 0x00, 0x00, 0x00, 0x00, 0x00, 0x00, 0x00, 0x00,
    0x00, 0x00, 0x00, 0x00, 0x00, 0x00, 0x00, 0x00, 0x00, 0x00, 0x00, 0x00,
    0x00, 0x00, 0x00, 0x00, 0x00, 0x00, 0x00, 0x00, 0xee, 0xbb, 0x66, 0x0f,
    0xfd, 0xb9, 0x64, 0x75, 0xfb, 0xb9, 0x64, 0xd6, 0xfc, 0xb9, 0x64, 0xff,
    0xfc, 0xb9, 0x64, 0xff, 0xfc, 0xb9, 0x64, 0xff, 0xfc, 0xb9, 0x64, 0xff,
    0xfc, 0xb9, 0x64, 0xff, 0xfc, 0xb9, 0x64, 0xff, 0xfc, 0xb9, 0x64, 0xff,
    0xfc, 0xb9, 0x64, 0xff, 0xfc, 0xb9, 0x64, 0xff, 0xfc, 0xb9, 0x64, 0xff,
    0xfc, 0xb9, 0x64, 0xff, 0xfc, 0xb9, 0x64, 0xff, 0xfc, 0xb9, 0x64, 0xff,
    0xfc, 0xb9, 0x64, 0xff, 0xfc, 0xb9, 0x64, 0xff, 0xfc, 0xb9, 0x64, 0xff,
    0xfb, 0xb7, 0x60, 0xff, 0xfb, 0xad, 0x4a, 0xff, 0xfa, 0xa1, 0x34, 0xff,
    0xf9, 0x97, 0x1d, 0xff, 0xf9, 0x96, 0x1c, 0xff, 0xf9, 0x96, 0x1c, 0xff,
    0xfa, 0x9d, 0x2b, 0xf5, 0xfa, 0xa0, 0x33, 0xba, 0xf7, 0xa7, 0x40, 0x20,
    0x00, 0x00, 0x00, 0x00, 0x00, 0x00, 0x00, 0x00, 0x00, 0x00, 0x00, 0x00,
    0x00, 0x00, 0x00, 0x00, 0x00, 0x00, 0x00, 0x00, 0x00, 0x00, 0x00, 0x00,
    0x00, 0x00, 0x00, 0x00, 0x00, 0x00, 0x00, 0x00, 0x00, 0x00, 0x00, 0x00,
    0x00, 0x00, 0x00, 0x00, 0x00, 0x00, 0x00, 0x00, 0x00, 0x00, 0x00, 0x00,
    0x00, 0x00, 0x00, 0x00, 0x00, 0x00, 0x00, 0x00, 0x00, 0x00, 0x00, 0x00,
    0x00, 0x00, 0x00, 0x00, 0x00, 0x00, 0x00, 0x00, 0x00, 0x00, 0x00, 0x00,
    0x00, 0x00, 0x00, 0x00, 0x00, 0x00, 0x00, 0x00, 0x00, 0x00, 0x00, 0x00,
    0x00, 0x00, 0x00, 0x00, 0x00, 0x00, 0x00, 0x00, 0x00, 0x00, 0x00, 0x00,
    0x00, 0x00, 0x00, 0x00, 0x00, 0x00, 0x00, 0x00, 0x00, 0x00, 0x00, 0x00,
    0x00, 0x00, 0x00, 0x00, 0x00, 0x00, 0x00, 0x00, 0x00, 0x00, 0x00, 0x00,
    0x00, 0x00, 0x00, 0x00, 0x00, 0x00, 0x00, 0x00, 0x00, 0x00, 0x00, 0x00,
    0x00, 0x00, 0x00, 0x00, 0xee, 0xbb, 0x66, 0x0f, 0xfd, 0xba, 0x64, 0x85,
    0xfc, 0xb9, 0x64, 0xf6, 0xfc, 0xb9, 0x64, 0xff, 0xfc, 0xb9, 0x64, 0xff,
    0xfc, 0xb9, 0x64, 0xff, 0xfc, 0xb9, 0x64, 0xff, 0xfc, 0xb9, 0x64, 0xff,
    0xfc, 0xb9, 0x64, 0xff, 0xfc, 0xb9, 0x64, 0xff, 0xfc, 0xb9, 0x64, 0xff,
    0xfc, 0xb9, 0x64, 0xff, 0xfc, 0xb9, 0x64, 0xff, 0xfc, 0xbc, 0x6b, 0xff,
    0xfc, 0xc2, 0x7a, 0xff, 0xfd, 0xc7, 0x83, 0xff, 0xfd, 0xc6, 0x82, 0xff,
    0xfb, 0xc0, 0x74, 0xff, 0xfc, 0xbb, 0x67, 0xff, 0xfc, 0xb9, 0x64, 0xff,
    0xfc, 0xb9, 0x64, 0xff, 0xfc, 0xb9, 0x64, 0xff, 0xfc, 0xb9, 0x64, 0xff,
    0xfc, 0xb9, 0x64, 0xff, 0xfc, 0xb4, 0x5b, 0xff, 0xfb, 0xa7, 0x3d, 0xff,
    0xf9, 0x96, 0x1c, 0xff, 0xf9, 0x96, 0x1c, 0xff, 0xf9, 0x96, 0x1c, 0xff,
    0xf8, 0x9b, 0x26, 0xfe, 0xfc, 0xa5, 0x3a, 0xb9, 0xee, 0xbb, 0x66, 0x0f,
    0x00, 0x00, 0x00, 0x00, 0x00, 0x00, 0x00, 0x00, 0x00, 0x00, 0x00, 0x00,
    0x00, 0x00, 0x00, 0x00, 0x00, 0x00, 0x00, 0x00, 0x00, 0x00, 0x00, 0x00,
    0x00, 0x00, 0x00, 0x00, 0x00, 0x00, 0x00, 0x00, 0x00, 0x00, 0x00, 0x00,
    0x00, 0x00, 0x00, 0x00, 0x00, 0x00, 0x00, 0x00, 0x00, 0x00, 0x00, 0x00,
    0x00, 0x00, 0x00, 0x00, 0x00, 0x00, 0x00, 0x00, 0x00, 0x00, 0x00, 0x00,
    0x00, 0x00, 0x00, 0x00, 0x00, 0x00, 0x00, 0x00, 0x00, 0x00, 0x00, 0x00,
    0x00, 0x00, 0x00, 0x00, 0x00, 0x00, 0x00, 0x00, 0x00, 0x00, 0x00, 0x00,
    0x00, 0x00, 0x00, 0x00, 0x00, 0x00, 0x00, 0x00, 0x00, 0x00, 0x00, 0x00,
    0x00, 0x00, 0x00, 0x00, 0x00, 0x00, 0x00, 0x00, 0x00, 0x00, 0x00, 0x00,
    0x00, 0x00, 0x00, 0x00, 0x00, 0x00, 0x00, 0x00, 0x00, 0x00, 0x00, 0x00,
    0x00, 0x00, 0x00, 0x00, 0xfd, 0xb9, 0x65, 0x6d, 0xfc, 0xb8, 0x64, 0xee,
    0xfc, 0xb9, 0x64, 0xff, 0xfc, 0xb9, 0x64, 0xff, 0xfc, 0xb9, 0x64, 0xff,
    0xfc, 0xb9, 0x64, 0xff, 0xfc, 0xb9, 0x64, 0xff, 0xfc, 0xb9, 0x64, 0xff,
    0xfc, 0xb9, 0x64, 0xff, 0xfc, 0xc1, 0x76, 0xff, 0xfd, 0xd0, 0x97, 0xff,
    0xfe, 0xdd, 0xb4, 0xff, 0xfe, 0xe8, 0xcb, 0xff, 0xff, 0xf1, 0xdf, 0xff,
    0xff, 0xf5, 0xe7, 0xff, 0xff, 0xef, 0xdc, 0xff, 0xfe, 0xe9, 0xd1, 0xff,
    0xfe, 0xe4, 0xc6, 0xff, 0xfe, 0xde, 0xbb, 0xff, 0xfe, 0xde, 0xba, 0xff,
    0xfe, 0xe1, 0xbf, 0xff, 0xfe, 0xe1, 0xbd, 0xff, 0xfd, 0xdb, 0xb4, 0xff,
    0xfc, 0xd3, 0x9e, 0xff, 0xfc, 0xc1, 0x76, 0xff, 0xfc, 0xb9, 0x64, 0xff,
    0xfc, 0xb9, 0x64, 0xff, 0xfb, 0xb1, 0x53, 0xff, 0xf9, 0xa1, 0x32, 0xff,
    0xf9, 0x96, 0x1c, 0xff, 0xf9, 0x96, 0x1c, 0xff, 0xf9, 0x96, 0x1c, 0xff,
    0xfb, 0x9d, 0x2b, 0xfb, 0xfa, 0xa6, 0x3c, 0xa1, 0x00, 0x00, 0x00, 0x00,
    0x00, 0x00, 0x00, 0x00, 0x00, 0x00, 0x00, 0x00, 0x00, 0x00, 0x00, 0x00,
    0x00, 0x00, 0x00, 0x00, 0x00, 0x00, 0x00, 0x00, 0x00, 0x00, 0x00, 0x00,
    0x00, 0x00, 0x00, 0x00, 0x00, 0x00, 0x00, 0x00, 0x00, 0x00, 0x00, 0x00,
    0x00, 0x00, 0x00, 0x00, 0x00, 0x00, 0x00, 0x00, 0x00, 0x00, 0x00, 0x00,
    0x00, 0x00, 0x00, 0x00, 0x00, 0x00, 0x00, 0x00, 0x00, 0x00, 0x00, 0x00,
    0x00, 0x00, 0x00, 0x00, 0x00, 0x00, 0x00, 0x00, 0x00, 0x00, 0x00, 0x00,
    0x00, 0x00, 0x00, 0x00, 0x00, 0x00, 0x00, 0x00, 0x00, 0x00, 0x00, 0x00,
    0x00, 0x00, 0x00, 0x00, 0x00, 0x00, 0x00, 0x00, 0x00, 0x00, 0x00, 0x00,
    0x00, 0x00, 0x00, 0x00, 0x00, 0x00, 0x00, 0x00, 0x00, 0x00, 0x00, 0x00,
    0xff, 0xb7, 0x64, 0x2e, 0xfc, 0xb9, 0x64, 0xbd, 0xfc, 0xb9, 0x64, 0xff,
    0xfc, 0xb9, 0x64, 0xff, 0xfc, 0xb9, 0x64, 0xff, 0xfc, 0xb9, 0x64, 0xff,
    0xfc, 0xb9, 0x64, 0xff, 0xfc, 0xb9, 0x64, 0xff, 0xfc, 0xc1, 0x76, 0xff,
    0xfd, 0xd6, 0xa5, 0xff, 0xfe, 0xeb, 0xd0, 0xff, 0xff, 0xf6, 0xea, 0xff,
    0xff, 0xf6, 0xea, 0xff, 0xff, 0xf6, 0xea, 0xff, 0xff, 0xf6, 0xea, 0xff,
    0xff, 0xf6, 0xea, 0xff, 0xff, 0xf6, 0xea, 0xff, 0xff, 0xf6, 0xea, 0xff,
    0xff, 0xf6, 0xea, 0xff, 0xff, 0xf6, 0xea, 0xff, 0xff, 0xf6, 0xea, 0xff,
    0xfe, 0xef, 0xdb, 0xff, 0xfe, 0xe6, 0xcb, 0xff, 0xfd, 0xdf, 0xbc, 0xff,
    0xfd, 0xdb, 0xb5, 0xff, 0xfd, 0xdb, 0xb5, 0xff, 0xfd, 0xdd, 0xb9, 0xff,
    0xfe, 0xe1, 0xbf, 0xff, 0xfd, 0xd8, 0xab, 0xff, 0xfc, 0xc5, 0x7f, 0xff,
    0xfc, 0xb9, 0x64, 0xff, 0xfb, 0xac, 0x49, 0xff, 0xfa, 0x9b, 0x27, 0xff,
    0xf9, 0x96, 0x1c, 0xff, 0xf9, 0x96, 0x1c, 0xff, 0xf9, 0x96, 0x1c, 0xff,
    0xfb, 0x9e, 0x2c, 0xec, 0xfc, 0xa3, 0x39, 0x59, 0x00, 0x00, 0x00, 0x00,
    0x00, 0x00, 0x00, 0x00, 0x00, 0x00, 0x00, 0x00, 0x00, 0x00, 0x00, 0x00,
    0x00, 0x00, 0x00, 0x00, 0x00, 0x00, 0x00, 0x00, 0x00, 0x00, 0x00, 0x00,
    0x00, 0x00, 0x00, 0x00, 0x00, 0x00, 0x00, 0x00, 0x00, 0x00, 0x00, 0x00,
    0x00, 0x00, 0x00, 0x00, 0x00, 0x00, 0x00, 0x00, 0x00, 0x00, 0x00, 0x00,
    0x00, 0x00, 0x00, 0x00, 0x00, 0x00, 0x00, 0x00, 0x00, 0x00, 0x00, 0x00,
    0x00, 0x00, 0x00, 0x00, 0x00, 0x00, 0x00, 0x00, 0x00, 0x00, 0x00, 0x00,
    0x00, 0x00, 0x00, 0x00, 0x00, 0x00, 0x00, 0x00, 0x00, 0x00, 0x00, 0x00,
    0x00, 0x00, 0x00, 0x00, 0x00, 0x00, 0x00, 0x00, 0x00, 0x00, 0x00, 0x00,
    0xfc, 0xbb, 0x65, 0x65, 0xfc, 0xb9, 0x64, 0xfe, 0xfc, 0xb9, 0x64, 0xff,
    0xfc, 0xb9, 0x64, 0xff, 0xfc, 0xb9, 0x64, 0xff, 0xfc, 0xb9, 0x64, 0xff,
    0xfc, 0xb9, 0x64, 0xff, 0xfd, 0xc8, 0x84, 0xff, 0xfe, 0xe1, 0xbd, 0xff,
    0xff, 0xf6, 0xea, 0xff, 0xff, 0xf6, 0xea, 0xff, 0xff, 0xf6, 0xea, 0xff,
    0xff, 0xf6, 0xea, 0xff, 0xff, 0xf6, 0xea, 0xff, 0xff, 0xf6, 0xea, 0xff,
    0xff, 0xf6, 0xea, 0xff, 0xff, 0xf6, 0xea, 0xff, 0xff, 0xf6, 0xea, 0xff,
    0xff, 0xf6, 0xea, 0xff, 0xff, 0xf6, 0xea, 0xff, 0xff, 0xf6, 0xea, 0xff,
    0xff, 0xf6, 0xea, 0xff, 0xff, 0xf6, 0xea, 0xff, 0xff, 0xf6, 0xea, 0xff,
    0xff, 0xf6, 0xea, 0xff, 0xfe, 0xef, 0xdb, 0xff, 0xfe, 0xe6, 0xca, 0xff,
    0xfd, 0xdb, 0xb5, 0xff, 0xfd, 0xdb, 0xb5, 0xff, 0xfd, 0xdb, 0xb5, 0xff,
    0xfd, 0xdb, 0xb5, 0xff, 0xfe, 0xde, 0xb9, 0xff, 0xfd, 0xcb, 0x8c, 0xff,
    0xfb, 0xb6, 0x5e, 0xff, 0xfa, 0xa2, 0x34, 0xff, 0xf9, 0x96, 0x1c, 0xff,
    0xf9, 0x96, 0x1c, 0xff, 0xf9, 0x96, 0x1c, 0xff, 0xf9, 0x98, 0x20, 0xff,
    0xfc, 0xa8, 0x3e, 0x95, 0x00, 0x00, 0x00, 0x00, 0x00, 0x00, 0x00, 0x00,
    0x00, 0x00, 0x00, 0x00, 0x00, 0x00, 0x00, 0x00, 0x00, 0x00, 0x00, 0x00,
    0x00, 0x00, 0x00, 0x00, 0x00, 0x00, 0x00, 0x00, 0x00, 0x00, 0x00, 0x00,
    0x00, 0x00, 0x00, 0x00, 0x00, 0x00, 0x00, 0x00, 0x00, 0x00, 0x00, 0x00,
    0x00, 0x00, 0x00, 0x00, 0x00, 0x00, 0x00, 0x00, 0x00, 0x00, 0x00, 0x00,
    0x00, 0x00, 0x00, 0x00, 0x00, 0x00, 0x00, 0x00, 0x00, 0x00, 0x00, 0x00,
    0x00, 0x00, 0x00, 0x00, 0x00, 0x00, 0x00, 0x00, 0x00, 0x00, 0x00, 0x00,
    0x00, 0x00, 0x00, 0x00, 0x00, 0x00, 0x00, 0x00, 0x00, 0x00, 0x00, 0x00,
    0xfd, 0xba, 0x63, 0x8d, 0xfc, 0xb9, 0x64, 0xff, 0xfc, 0xb9, 0x64, 0xff,
    0xfc, 0xb9, 0x64, 0xff, 0xfc, 0xb9, 0x64, 0xff, 0xfc, 0xb9, 0x64, 0xff,
    0xfd, 0xc3, 0x7a, 0xff, 0xfe, 0xe1, 0xbd, 0xff, 0xff, 0xf6, 0xea, 0xff,
    0xff, 0xf6, 0xea, 0xff, 0xff, 0xf6, 0xea, 0xff, 0xff, 0xf6, 0xea, 0xff,
    0xff, 0xf6, 0xea, 0xff, 0xff, 0xf6, 0xea, 0xff, 0xff, 0xf6, 0xea, 0xff,
    0xff, 0xf6, 0xea, 0xff, 0xff, 0xf6, 0xea, 0xff, 0xff, 0xf6, 0xea, 0xff,
    0xff, 0xf6, 0xea, 0xff, 0xff, 0xf6, 0xea, 0xff, 0xff, 0xf6, 0xea, 0xff,
    0xff, 0xf6, 0xea, 0xff, 0xff, 0xf6, 0xea, 0xff, 0xff, 0xf6, 0xea, 0xff,
    0xff, 0xf6, 0xea, 0xff, 0xff, 0xf6, 0xea, 0xff, 0xff, 0xf6, 0xea, 0xff,
    0xff, 0xf6, 0xea, 0xff, 0xff, 0xef, 0xda, 0xff, 0xfe, 0xe2, 0xc3, 0xff,
    0xfd, 0xdb, 0xb5, 0xff, 0xfd, 0xdb, 0xb5, 0xff, 0xfd, 0xdb, 0xb5, 0xff,
    0xfd, 0xdd, 0xb7, 0xff, 0xfe, 0xde, 0xb9, 0xff, 0xfd, 0xc6, 0x82, 0xff,
    0xfa, 0xa2, 0x34, 0xff, 0xf9, 0x96, 0x1c, 0xff, 0xf9, 0x96, 0x1c, 0xff,
    0xf9, 0x96, 0x1c, 0xff, 0xf9, 0x96, 0x1c, 0xff, 0xfa, 0xa5, 0x3a, 0xbe,
    0x00, 0x00, 0x00, 0x00, 0x00, 0x00, 0x00, 0x00, 0x00, 0x00, 0x00, 0x00,
    0x00, 0x00, 0x00, 0x00, 0x00, 0x00, 0x00, 0x00, 0x00, 0x00, 0x00, 0x00,
    0x00, 0x00, 0x00, 0x00, 0x00, 0x00, 0x00, 0x00, 0x00, 0x00, 0x00, 0x00,
    0x00, 0x00, 0x00, 0x00, 0x00, 0x00, 0x00, 0x00, 0x00, 0x00, 0x00, 0x00,
    0x00, 0x00, 0x00, 0x00, 0x00, 0x00, 0x00, 0x00, 0x00, 0x00, 0x00, 0x00,
    0x00, 0x00, 0x00, 0x00, 0x00, 0x00, 0x00, 0x00, 0x00, 0x00, 0x00, 0x00,
    0x00, 0x00, 0x00, 0x00, 0x00, 0x00, 0x00, 0x00, 0x00, 0x00, 0x00, 0x00,
    0xfc, 0xb9, 0x64, 0xa5, 0xfc, 0xb9, 0x64, 0xff, 0xfc, 0xb9, 0x64, 0xff,
    0xfc, 0xb9, 0x64, 0xff, 0xfc, 0xb9, 0x64, 0xff, 0xfc, 0xb9, 0x64, 0xff,
    0xfd, 0xd7, 0xa5, 0xff, 0xff, 0xf6, 0xea, 0xff, 0xff, 0xf6, 0xea, 0xff,
    0xff, 0xf6, 0xea, 0xff, 0xff, 0xf6, 0xea, 0xff, 0xff, 0xf6, 0xea, 0xff,
    0xff, 0xf6, 0xea, 0xff, 0xff, 0xf6, 0xea, 0xff, 0xff, 0xf6, 0xea, 0xff,
    0xff, 0xf6, 0xea, 0xff, 0xff, 0xf6, 0xea, 0xff, 0xff, 0xf6, 0xea, 0xff,
    0xff, 0xf6, 0xea, 0xff, 0xff, 0xf6, 0xea, 0xff, 0xff, 0xf6, 0xea, 0xff,
    0xff, 0xf6, 0xea, 0xff, 0xff, 0xf6, 0xea, 0xff, 0xff, 0xf6, 0xea, 0xff,
    0xff, 0xf6, 0xea, 0xff, 0xff, 0xf6, 0xea, 0xff, 0xff, 0xf6, 0xea, 0xff,
    0xff, 0xf6, 0xea, 0xff, 0xff, 0xf6, 0xea, 0xff, 0xff, 0xf6, 0xea, 0xff,
    0xff, 0xf6, 0xea, 0xff, 0xfe, 0xeb, 0xd3, 0xff, 0xfd, 0xde, 0xbb, 0xff,
    0xfd, 0xdb, 0xb5, 0xff, 0xfd, 0xdb, 0xb5, 0xff, 0xfd, 0xdb, 0xb5, 0xff,
    0xfd, 0xdd, 0xb9, 0xff, 0xfc, 0xd8, 0xac, 0xff, 0xfa, 0xa2, 0x34, 0xff,
    0xf9, 0x96, 0x1c, 0xff, 0xf9, 0x96, 0x1c, 0xff, 0xf9, 0x96, 0x1c, 0xff,
    0xf9, 0x96, 0x1c, 0xff, 0xf9, 0x9e, 0x2d, 0xe4, 0x00, 0x00, 0x00, 0x00,
    0x00, 0x00, 0x00, 0x00, 0x00, 0x00, 0x00, 0x00, 0x00, 0x00, 0x00, 0x00,
    0x00, 0x00, 0x00, 0x00, 0x00, 0x00, 0x00, 0x00, 0x00, 0x00, 0x00, 0x00,
    0x00, 0x00, 0x00, 0x00, 0x00, 0x00, 0x00, 0x00, 0x00, 0x00, 0x00, 0x00,
    0x00, 0x00, 0x00, 0x00, 0x00, 0x00, 0x00, 0x00, 0x00, 0x00, 0x00, 0x00,
    0x00, 0x00, 0x00, 0x00, 0x00, 0x00, 0x00, 0x00, 0x00, 0x00, 0x00, 0x00,
    0x00, 0x00, 0x00, 0x00, 0x00, 0x00, 0x00, 0x00, 0x00, 0x00, 0x00, 0x00,
    0xfc, 0xba, 0x64, 0xad, 0xfc, 0xb9, 0x64, 0xff, 0xfc, 0xb9, 0x64, 0xff,
    0xfc, 0xb9, 0x64, 0xff, 0xfc, 0xb9, 0x64, 0xff, 0xfc, 0xc1, 0x76, 0xff,
    0xfe, 0xe6, 0xc6, 0xff, 0xff, 0xf6, 0xea, 0xff, 0xff, 0xf6, 0xea, 0xff,
    0xff, 0xf6, 0xea, 0xff, 0xff, 0xf6, 0xea, 0xff, 0xff, 0xf6, 0xea, 0xff,
    0xff, 0xf6, 0xea, 0xff, 0xff, 0xf6, 0xea, 0xff, 0xff, 0xf6, 0xea, 0xff,
    0xff, 0xf6, 0xea, 0xff, 0xff, 0xf6, 0xea, 0xff, 0xff, 0xf6, 0xea, 0xff,
    0xff, 0xf6, 0xea, 0xff, 0xff, 0xf6, 0xea, 0xff, 0xff, 0xf6, 0xea, 0xff,
    0xff, 0xf6, 0xea, 0xff, 0xff, 0xf6, 0xea, 0xff, 0xff, 0xf6, 0xea, 0xff,
    0xff, 0xf6, 0xea, 0xff, 0xff, 0xf6, 0xea, 0xff, 0xff, 0xf6, 0xea, 0xff,
    0xff, 0xf6, 0xea, 0xff, 0xff, 0xf6, 0xea, 0xff, 0xff, 0xf6, 0xea, 0xff,
    0xff, 0xf6, 0xea, 0xff, 0xff, 0xf6, 0xea, 0xff, 0xff, 0xf6, 0xea, 0xff,
    0xfe, 0xf1, 0xe1, 0xff, 0xfd, 0xe2, 0xc2, 0xff, 0xfd, 0xdb, 0xb5, 0xff,
    0xfd, 0xdb, 0xb5, 0xff, 0xfd, 0xdb, 0xb5, 0xff, 0xfd, 0xdb, 0xb5, 0xff,
    0xfe, 0xdf, 0xbc, 0xff, 0xfc, 0xb0, 0x54, 0xff, 0xf9, 0x96, 0x1c, 0xff,
    0xf9, 0x96, 0x1c, 0xff, 0xf9, 0x96, 0x1c, 0xff, 0xf9, 0x96, 0x1c, 0xff,
    0xf9, 0x96, 0x1c, 0xff, 0x00, 0x00, 0x00, 0x00, 0x00, 0x00, 0x00, 0x00,
    0x00, 0x00, 0x00, 0x00, 0x00, 0x00, 0x00, 0x00, 0x00, 0x00, 0x00, 0x00,
    0x00, 0x00, 0x00, 0x00, 0x00, 0x00, 0x00, 0x00, 0x00, 0x00, 0x00, 0x00,
    0x00, 0x00, 0x00, 0x00, 0x00, 0x00, 0x00, 0x00, 0x00, 0x00, 0x00, 0x00,
    0x00, 0x00, 0x00, 0x00, 0x00, 0x00, 0x00, 0x00, 0x00, 0x00, 0x00, 0x00,
    0x00, 0x00, 0x00, 0x00, 0x00, 0x00, 0x00, 0x00, 0x00, 0x00, 0x00, 0x00,
    0xfc, 0xb9, 0x64, 0xa5, 0xfc, 0xb9, 0x64, 0xff, 0xfc, 0xb9, 0x64, 0xff,
    0xfc, 0xb9, 0x64, 0xff, 0xfc, 0xb9, 0x64, 0xff, 0xfd, 0xc9, 0x89, 0xff,
    0xff, 0xf0, 0xde, 0xff, 0xff, 0xf6, 0xea, 0xff, 0xff, 0xf6, 0xea, 0xff,
    0xff, 0xf6, 0xea, 0xff, 0xff, 0xf6, 0xea, 0xff, 0xff, 0xf6, 0xea, 0xff,
    0xff, 0xf6, 0xea, 0xff, 0xff, 0xf6, 0xea, 0xff, 0xff, 0xf6, 0xea, 0xff,
    0xff, 0xf6, 0xea, 0xff, 0xff, 0xf6, 0xea, 0xff, 0xff, 0xf6, 0xea, 0xff,
    0xff, 0xf6, 0xea, 0xff, 0xfc, 0xd1, 0x9c, 0xff, 0xfe, 0xf1, 0xe0, 0xff,
    0xff, 0xf6, 0xea, 0xff, 0xff, 0xf6, 0xea, 0xff, 0xff, 0xf6, 0xea, 0xff,
    0xff, 0xf6, 0xea, 0xff, 0xff, 0xf6, 0xea, 0xff, 0xff, 0xf6, 0xea, 0xff,
    0xff, 0xf0, 0xdd, 0xff, 0xfd, 0xd8, 0xaa, 0xff, 0xfd, 0xcd, 0x92, 0xff,
    0xfd, 0xdb, 0xaf, 0xff, 0xff, 0xf3, 0xe4, 0xff, 0xff, 0xf6, 0xea, 0xff,
    0xff, 0xf6, 0xea, 0xff, 0xff, 0xf6, 0xea, 0xff, 0xff, 0xf6, 0xea, 0xff,
    0xfe, 0xe4, 0xc7, 0xff, 0xfd, 0xdb, 0xb5, 0xff, 0xfd, 0xdb, 0xb5, 0xff,
    0xfd, 0xdb, 0xb5, 0xff, 0xfd, 0xdb, 0xb5, 0xff, 0xfd, 0xde, 0xbb, 0xff,
    0xfc, 0xc0, 0x78, 0xff, 0xf9, 0x96, 0x1c, 0xff, 0xf9, 0x96, 0x1c, 0xff,
    0xf9, 0x96, 0x1c, 0xff, 0xf9, 0x96, 0x1c, 0xff, 0xf9, 0x9a, 0x26, 0xee,
    0x00, 0x00, 0x00, 0x00, 0x00, 0x00, 0x00, 0x00, 0x00, 0x00, 0x00, 0x00,
    0x00, 0x00, 0x00, 0x00, 0x00, 0x00, 0x00, 0x00, 0x00, 0x00, 0x00, 0x00,
    0x00, 0x00, 0x00, 0x00, 0x00, 0x00, 0x00, 0x00, 0x00, 0x00, 0x00, 0x00,
    0x00, 0x00, 0x00, 0x00, 0x00, 0x00, 0x00, 0x00, 0x00, 0x00, 0x00, 0x00,
    0x00, 0x00, 0x00, 0x00, 0x00, 0x00, 0x00, 0x00, 0x00, 0x00, 0x00, 0x00,
    0xfd, 0xba, 0x63, 0x8d, 0xfc, 0xb9, 0x64, 0xff, 0xfc, 0xb9, 0x64, 0xff,
    0xfc, 0xb9, 0x64, 0xff, 0xfc, 0xb9, 0x64, 0xff, 0xfd, 0xce, 0x92, 0xff,
    0xff, 0xf6, 0xea, 0xff, 0xff, 0xf6, 0xea, 0xff, 0xff, 0xf6, 0xea, 0xff,
    0xff, 0xf6, 0xea, 0xff, 0xff, 0xf6, 0xea, 0xff, 0xff, 0xf6, 0xea, 0xff,
    0xff, 0xf6, 0xea, 0xff, 0xff, 0xf6, 0xea, 0xff, 0xff, 0xf6, 0xea, 0xff,
    0xff, 0xf6, 0xea, 0xff, 0xff, 0xf6, 0xea, 0xff, 0xff, 0xf6, 0xea, 0xff,
    0xff, 0xf6, 0xea, 0xff, 0xfd, 0xc8, 0x87, 0xff, 0xf9, 0x96, 0x1c, 0xff,
    0xfb, 0xb5, 0x5d, 0xff, 0xff, 0xf6, 0xea, 0xff, 0xff, 0xf6, 0xea, 0xff,
    0xff, 0xf6, 0xea, 0xff, 0xff, 0xf6, 0xea, 0xff, 0xff, 0xf6, 0xea, 0xff,
    0xfd, 0xcf, 0x96, 0xff, 0xfa, 0xa0, 0x31, 0xff, 0xf9, 0x96, 0x1c, 0xff,
    0xf9, 0x96, 0x1c, 0xff, 0xf9, 0x96, 0x1c, 0xff, 0xfa, 0x9b, 0x27, 0xff,
    0xfc, 0xca, 0x8d, 0xff, 0xff, 0xf6, 0xea, 0xff, 0xff, 0xf6, 0xea, 0xff,
    0xff, 0xf6, 0xea, 0xff, 0xff, 0xf6, 0xea, 0xff, 0xfe, 0xea, 0xd2, 0xff,
    0xfd, 0xdb, 0xb5, 0xff, 0xfd, 0xdb, 0xb5, 0xff, 0xfd, 0xdb, 0xb5, 0xff,
    0xfd, 0xdb, 0xb5, 0xff, 0xfd, 0xdb, 0xb5, 0xff, 0xfd, 0xc9, 0x8a, 0xff,
    0xf9, 0x96, 0x1c, 0xff, 0xf9, 0x96, 0x1c, 0xff, 0xf9, 0x96, 0x1c, 0xff,
    0xf9, 0x96, 0x1c, 0xff, 0xfa, 0xa0, 0x2e, 0xd3, 0x00, 0x00, 0x00, 0x00,
    0x00, 0x00, 0x00, 0x00, 0x00, 0x00, 0x00, 0x00, 0x00, 0x00, 0x00, 0x00,
    0x00, 0x00, 0x00, 0x00, 0x00, 0x00, 0x00, 0x00, 0x00, 0x00, 0x00, 0x00,
    0x00, 0x00, 0x00, 0x00, 0x00, 0x00, 0x00, 0x00, 0x00, 0x00, 0x00, 0x00,
    0x00, 0x00, 0x00, 0x00, 0x00, 0x00, 0x00, 0x00, 0x00, 0x00, 0x00, 0x00,
    0xfc, 0xbb, 0x65, 0x65, 0xfc, 0xb9, 0x64, 0xff, 0xfc, 0xb9, 0x64, 0xff,
    0xfc, 0xb9, 0x64, 0xff, 0xfc, 0xb9, 0x64, 0xff, 0xfd, 0xce, 0x92, 0xff,
    0xff, 0xf6, 0xea, 0xff, 0xff, 0xf6, 0xea, 0xff, 0xff, 0xf6, 0xea, 0xff,
    0xff, 0xf6, 0xea, 0xff, 0xff, 0xf6, 0xea, 0xff, 0xff, 0xf6, 0xea, 0xff,
    0xff, 0xf6, 0xea, 0xff, 0xff, 0xf6, 0xea, 0xff, 0xff, 0xf6, 0xea, 0xff,
    0xff, 0xf6, 0xea, 0xff, 0xff, 0xf6, 0xea, 0xff, 0xff, 0xf6, 0xea, 0xff,
    0xff, 0xf6, 0xea, 0xff, 0xff, 0xf6, 0xea, 0xff, 0xfa, 0xa5, 0x3c, 0xff,
    0xf9, 0x96, 0x1c, 0xff, 0xf9, 0x96, 0x1c, 0xff, 0xfe, 0xe0, 0xba, 0xff,
    0xff, 0xf6, 0xea, 0xff, 0xff, 0xf6, 0xea, 0xff, 0xff, 0xf6, 0xea, 0xff,
    0xfe, 0xdd, 0xb4, 0xff, 0xf9, 0x96, 0x1c, 0xff, 0xf9, 0x96, 0x1c, 0xff,
    0xfb, 0xab, 0x49, 0xff, 0xfc, 0xc0, 0x77, 0xff, 0xfa, 0xa8, 0x43, 0xff,
    0xf9, 0x96, 0x1c, 0xff, 0xfb, 0xc0, 0x78, 0xff, 0xff, 0xf6, 0xea, 0xff,
    0xff, 0xf6, 0xea, 0xff, 0xff, 0xf6, 0xea, 0xff, 0xff, 0xf6, 0xea, 0xff,
    0xff, 0xf6, 0xea, 0xff, 0xfe, 0xee, 0xda, 0xff, 0xfd, 0xdb, 0xb5, 0xff,
    0xfd, 0xdb, 0xb5, 0xff, 0xfd, 0xdb, 0xb5, 0xff, 0xfd, 0xdb, 0xb5, 0xff,
    0xfd, 0xdb, 0xb5, 0xff, 0xfc, 0xca, 0x8b, 0xff, 0xf9, 0x96, 0x1c, 0xff,
    0xf9, 0x96, 0x1c, 0xff, 0xf9, 0x96, 0x1c, 0xff, 0xf9, 0x96, 0x1c, 0xff,
    0xfa, 0xa3, 0x36, 0xa6, 0x00, 0x00, 0x00, 0x00, 0x00, 0x00, 0x00, 0x00,
    0x00, 0x00, 0x00, 0x00, 0x00, 0x00, 0x00, 0x00, 0x00, 0x00, 0x00, 0x00,
    0x00, 0x00, 0x00, 0x00, 0x00, 0x00, 0x00, 0x00, 0x00, 0x00, 0x00, 0x00,
    0x00, 0x00, 0x00, 0x00, 0x00, 0x00, 0x00, 0x00, 0x00, 0x00, 0x00, 0x00,
    0xff, 0xb7, 0x64, 0x2e, 0xfc, 0xb9, 0x64, 0xfe, 0xfc, 0xb9, 0x64, 0xff,
    0xfc, 0xb9, 0x64, 0xff, 0xfc, 0xb9, 0x64, 0xff, 0xfd, 0xc9, 0x89, 0xff,
    0xff, 0xf6, 0xea, 0xff, 0xff, 0xf6, 0xea, 0xff, 0xff, 0xf6, 0xea, 0xff,
    0xff, 0xf6, 0xea, 0xff, 0xff, 0xf6, 0xea, 0xff, 0xff, 0xf6, 0xea, 0xff,
    0xff, 0xf6, 0xea, 0xff, 0xff, 0xf6, 0xea, 0xff, 0xff, 0xf6, 0xea, 0xff,
    0xff, 0xf6, 0xea, 0xff, 0xff, 0xf6, 0xea, 0xff, 0xff, 0xf6, 0xea, 0xff,
    0xff, 0xf6, 0xea, 0xff, 0xff, 0xf6, 0xea, 0xff, 0xfd, 0xd0, 0x97, 0xff,
    0xf9, 0x96, 0x1c, 0xff, 0xf9, 0x9d, 0x2b, 0xff, 0xf9, 0x96, 0x1c, 0xff,
    0xfc, 0xbc, 0x6e, 0xff, 0xff, 0xf6, 0xea, 0xff, 0xff, 0xf6, 0xea, 0xff,
    0xff, 0xf3, 0xe5, 0xff, 0xfa, 0xa5, 0x3b, 0xff, 0xf9, 0x96, 0x1c, 0xff,
    0xfd, 0xd5, 0xa3, 0xff, 0xff, 0xf6, 0xea, 0xff, 0xff, 0xf6, 0xea, 0xff,
    0xff, 0xf6, 0xea, 0xff, 0xff, 0xf6, 0xea, 0xff, 0xff, 0xf6, 0xea, 0xff,
    0xff, 0xf6, 0xea, 0xff, 0xff, 0xf6, 0xea, 0xff, 0xff, 0xf6, 0xea, 0xff,
    0xff, 0xf6, 0xea, 0xff, 0xff, 0xf6, 0xea, 0xff, 0xff, 0xf6, 0xea, 0xff,
    0xfd, 0xe8, 0xcf, 0xff, 0xfd, 0xdb, 0xb5, 0xff, 0xfd, 0xdb, 0xb5, 0xff,
    0xfd, 0xdb, 0xb5, 0xff, 0xfd, 0xdb, 0xb5, 0xff, 0xfd, 0xdb, 0xb5, 0xff,
    0xfb, 0xbc, 0x6f, 0xff, 0xf9, 0x96, 0x1c, 0xff, 0xf9, 0x96, 0x1c, 0xff,
    0xf9, 0x96, 0x1c, 0xff, 0xf9, 0x97, 0x1f, 0xff, 0xfa, 0xa3, 0x36, 0x5e,
    0x00, 0x00, 0x00, 0x00, 0x00, 0x00, 0x00, 0x00, 0x00, 0x00, 0x00, 0x00,
    0x00, 0x00, 0x00, 0x00, 0x00, 0x00, 0x00, 0x00, 0x00, 0x00, 0x00, 0x00,
    0x00, 0x00, 0x00, 0x00, 0x00, 0x00, 0x00, 0x00, 0x00, 0x00, 0x00, 0x00,
    0x00, 0x00, 0x00, 0x00, 0xfc, 0xb9, 0x64, 0xbd, 0xfc, 0xb9, 0x64, 0xff,
    0xfc, 0xb9, 0x64, 0xff, 0xfc, 0xb9, 0x64, 0xff, 0xfc, 0xc1, 0x76, 0xff,
    0xff, 0xf0, 0xde, 0xff, 0xff, 0xf6, 0xea, 0xff, 0xff, 0xf6, 0xea, 0xff,
    0xff, 0xf6, 0xea, 0xff, 0xff, 0xf6, 0xea, 0xff, 0xff, 0xf6, 0xea, 0xff,
    0xff, 0xf6, 0xea, 0xff, 0xff, 0xf6, 0xea, 0xff, 0xff, 0xf6, 0xea, 0xff,
    0xff, 0xf6, 0xea, 0xff, 0xff, 0xf6, 0xea, 0xff, 0xff, 0xf6, 0xea, 0xff,
    0xff, 0xf6, 0xea, 0xff, 0xff, 0xf6, 0xea, 0xff, 0xff, 0xf6, 0xea, 0xff,
    0xfb, 0xac, 0x4c, 0xff, 0xf9, 0x96, 0x1c, 0xff, 0xfc, 0xc4, 0x7e, 0xff,
    0xf9, 0x98, 0x21, 0xff, 0xf9, 0x99, 0x21, 0xff, 0xff, 0xee, 0xd8, 0xff,
    0xff, 0xf6, 0xea, 0xff, 0xff, 0xe9, 0xce, 0xff, 0xf9, 0x96, 0x1c, 0xff,
    0xfa, 0xb3, 0x5b, 0xff, 0xff, 0xf6, 0xea, 0xff, 0xff, 0xf6, 0xea, 0xff,
    0xff, 0xf6, 0xea, 0xff, 0xff, 0xf6, 0xea, 0xff, 0xff, 0xf6, 0xea, 0xff,
    0xff, 0xf6, 0xea, 0xff, 0xff, 0xf6, 0xea, 0xff, 0xff, 0xf6, 0xea, 0xff,
    0xff, 0xf6, 0xea, 0xff, 0xff, 0xf6, 0xea, 0xff, 0xff, 0xf6, 0xea, 0xff,
    0xff, 0xf6, 0xea, 0xff, 0xff, 0xf6, 0xea, 0xff, 0xfd, 0xe3, 0xc5, 0xff,
    0xfd, 0xdb, 0xb5, 0xff, 0xfd, 0xdb, 0xb5, 0xff, 0xfd, 0xdb, 0xb5, 0xff,
    0xfd, 0xdb, 0xb5, 0xff, 0xfd, 0xdd, 0xb8, 0xff, 0xf9, 0xa5, 0x3c, 0xff,
    0xf9, 0x96, 0x1c, 0xff, 0xf9, 0x96, 0x1c, 0xff, 0xf9, 0x96, 0x1c, 0xff,
    0xfb, 0x9e, 0x2c, 0xec, 0x00, 0x00, 0x00, 0x00, 0x00, 0x00, 0x00, 0x00,
    0x00, 0x00, 0x00, 0x00, 0x00, 0x00, 0x00, 0x00, 0x00, 0x00, 0x00, 0x00,
    0x00, 0x00, 0x00, 0x00, 0x00, 0x00, 0x00, 0x00, 0x00, 0x00, 0x00, 0x00,
    0x00, 0x00, 0x00, 0x00, 0xfd, 0xb9, 0x65, 0x6d, 0xfc, 0xb9, 0x64, 0xff,
    0xfc, 0xb9, 0x64, 0xff, 0xfc, 0xb9, 0x64, 0xff, 0xfc, 0xb9, 0x64, 0xff,
    0xfe, 0xe6, 0xc6, 0xff, 0xff, 0xf6, 0xea, 0xff, 0xff, 0xf6, 0xea, 0xff,
    0xff, 0xf6, 0xea, 0xff, 0xff, 0xf6, 0xea, 0xff, 0xff, 0xf6, 0xea, 0xff,
    0xff, 0xf6, 0xea, 0xff, 0xff, 0xf6, 0xea, 0xff, 0xff, 0xf6, 0xea, 0xff,
    0xff, 0xf6, 0xea, 0xff, 0xff, 0xf6, 0xea, 0xff, 0xff, 0xf6, 0xea, 0xff,
    0xff, 0xf6, 0xea, 0xff, 0xff, 0xf6, 0xea, 0xff, 0xff, 0xf6, 0xea, 0xff,
    0xfd, 0xdc, 0xb3, 0xff, 0xf9, 0x96, 0x1c, 0xff, 0xf9, 0x96, 0x1c, 0xff,
    0xfe, 0xea, 0xd0, 0xff, 0xfb, 0xbe, 0x73, 0xff, 0xf9, 0x96, 0x1c, 0xff,
    0xfc, 0xc5, 0x80, 0xff, 0xff, 0xf6, 0xea, 0xff, 0xfd, 0xdd, 0xb6, 0xff,
    0xf9, 0x96, 0x1c, 0xff, 0xfb, 0xc6, 0x83, 0xff, 0xff, 0xf6, 0xea, 0xff,
    0xff, 0xf6, 0xea, 0xff, 0xff, 0xf6, 0xea, 0xff, 0xff, 0xf6, 0xea, 0xff,
    0xff, 0xf6, 0xea, 0xff, 0xff, 0xf6, 0xea, 0xff, 0xff, 0xf6, 0xea, 0xff,
    0xff, 0xf6, 0xea, 0xff, 0xff, 0xf6, 0xea, 0xff, 0xff, 0xf6, 0xea, 0xff,
    0xff, 0xf6, 0xea, 0xff, 0xff, 0xf6, 0xea, 0xff, 0xff, 0xf6, 0xea, 0xff,
    0xfe, 0xf3, 0xe3, 0xff, 0xfd, 0xdf, 0xbc, 0xff, 0xfd, 0xdb, 0xb5, 0xff,
    0xfd, 0xdb, 0xb5, 0xff, 0xfd, 0xdb, 0xb5, 0xff, 0xfd, 0xdb, 0xb5, 0xff,
    0xfd, 0xdc, 0xb6, 0xff, 0xf9, 0x96, 0x1c, 0xff, 0xf9, 0x96, 0x1c, 0xff,
    0xf9, 0x96, 0x1c, 0xff, 0xf9, 0x96, 0x1c, 0xff, 0xfa, 0xa6, 0x3c, 0xa1,
    0x00, 0x00, 0x00, 0x00, 0x00, 0x00, 0x00, 0x00, 0x00, 0x00, 0x00, 0x00,
    0x00, 0x00, 0x00, 0x00, 0x00, 0x00, 0x00, 0x00, 0x00, 0x00, 0x00, 0x00,
    0x00, 0x00, 0x00, 0x00, 0xee, 0xbb, 0x66, 0x0f, 0xfc, 0xb8, 0x64, 0xee,
    0xfc, 0xb9, 0x64, 0xff, 0xfc, 0xb9, 0x64, 0xff, 0xfc, 0xb9, 0x64, 0xff,
    0xfd, 0xd7, 0xa5, 0xff, 0xff, 0xf6, 0xea, 0xff, 0xff, 0xf6, 0xea, 0xff,
    0xff, 0xf6, 0xea, 0xff, 0xff, 0xf6, 0xea, 0xff, 0xff, 0xf6, 0xea, 0xff,
    0xff, 0xf6, 0xea, 0xff, 0xff, 0xf6, 0xea, 0xff, 0xff, 0xf6, 0xea, 0xff,
    0xff, 0xf6, 0xea, 0xff, 0xff, 0xf6, 0xea, 0xff, 0xff, 0xf6, 0xea, 0xff,
    0xff, 0xf6, 0xea, 0xff, 0xff, 0xf6, 0xea, 0xff, 0xff, 0xf6, 0xea, 0xff,
    0xff, 0xf6, 0xea, 0xff, 0xfb, 0xb3, 0x5b, 0xff, 0xf9, 0x96, 0x1c, 0xff,
    0xfc, 0xbb, 0x69, 0xff, 0xfd, 0xdd, 0xb6, 0xff, 0xfd, 0xdd, 0xb6, 0xff,
    0xf9, 0x96, 0x1c, 0xff, 0xfa, 0xa0, 0x32, 0xff, 0xff, 0xf6, 0xea, 0xff,
    0xfe, 0xeb, 0xd1, 0xff, 0xf9, 0x96, 0x1c, 0xff, 0xfb, 0xb1, 0x57, 0xff,
    0xff, 0xf6, 0xea, 0xff, 0xff, 0xf6, 0xea, 0xff, 0xff, 0xf6, 0xea, 0xff,
    0xff, 0xf6, 0xea, 0xff, 0xff, 0xf6, 0xea, 0xff, 0xff, 0xf6, 0xea, 0xff,
    0xff, 0xf6, 0xea, 0xff, 0xff, 0xf6, 0xea, 0xff, 0xff, 0xf6, 0xea, 0xff,
    0xff, 0xf6, 0xea, 0xff, 0xff, 0xf6, 0xea, 0xff, 0xff, 0xf6, 0xea, 0xff,
    0xff, 0xf6, 0xea, 0xff, 0xff, 0xf6, 0xea, 0xff, 0xfe, 0xed, 0xd9, 0xff,
    0xfd, 0xdb, 0xb5, 0xff, 0xfd, 0xdb, 0xb5, 0xff, 0xfd, 0xdb, 0xb5, 0xff,
    0xfd, 0xdb, 0xb5, 0xff, 0xfd, 0xdb, 0xb5, 0xff, 0xfc, 0xcf, 0x9a, 0xff,
    0xf9, 0x96, 0x1c, 0xff, 0xf9, 0x96, 0x1c, 0xff, 0xf9, 0x96, 0x1c, 0xff,
    0xfb, 0x9d, 0x2b, 0xfb, 0xee, 0xbb, 0x66, 0x0f, 0x00, 0x00, 0x00, 0x00,
    0x00, 0x00, 0x00, 0x00, 0x00, 0x00, 0x00, 0x00, 0x00, 0x00, 0x00, 0x00,
    0x00, 0x00, 0x00, 0x00, 0x00, 0x00, 0x00, 0x00, 0xfd, 0xba, 0x64, 0x85,
    0xfc, 0xb9, 0x64, 0xff, 0xfc, 0xb9, 0x64, 0xff, 0xfc, 0xb9, 0x64, 0xff,
    0xfd, 0xc3, 0x7a, 0xff, 0xff, 0xf6, 0xea, 0xff, 0xff, 0xf6, 0xea, 0xff,
    0xff, 0xf6, 0xea, 0xff, 0xff, 0xf6, 0xea, 0xff, 0xff, 0xf6, 0xea, 0xff,
    0xff, 0xf6, 0xea, 0xff, 0xff, 0xf6, 0xea, 0xff, 0xff, 0xf6, 0xea, 0xff,
    0xff, 0xf6, 0xea, 0xff, 0xff, 0xf6, 0xea, 0xff, 0xff, 0xf6, 0xea, 0xff,
    0xff, 0xf6, 0xea, 0xff, 0xff, 0xf6, 0xea, 0xff, 0xff, 0xf6, 0xea, 0xff,
    0xff, 0xf6, 0xea, 0xff, 0xfe, 0xeb, 0xd2, 0xff, 0xf9, 0x96, 0x1c, 0xff,
    0xf9, 0x96, 0x1c, 0xff, 0xf9, 0x96, 0x1c, 0xff, 0xf9, 0x96, 0x1c, 0xff,
    0xf9, 0x96, 0x1c, 0xff, 0xf9, 0x96, 0x1c, 0xff, 0xf9, 0x96, 0x1c, 0xff,
    0xfd, 0xd3, 0x9f, 0xff, 0xff, 0xf6, 0xea, 0xff, 0xfa, 0xa7, 0x40, 0xff,
    0xf9, 0x96, 0x1c, 0xff, 0xfb, 0xc6, 0x83, 0xff, 0xfe, 0xea, 0xd0, 0xff,
    0xff, 0xf6, 0xea, 0xff, 0xff, 0xf6, 0xea, 0xff, 0xff, 0xf0, 0xdd, 0xff,
    0xff, 0xf6, 0xea, 0xff, 0xff, 0xf6, 0xea, 0xff, 0xff, 0xf6, 0xea, 0xff,
    0xff, 0xf6, 0xea, 0xff, 0xff, 0xf6, 0xea, 0xff, 0xff, 0xf6, 0xea, 0xff,
    0xff, 0xf6, 0xea, 0xff, 0xff, 0xf6, 0xea, 0xff, 0xff, 0xf6, 0xea, 0xff,
    0xff, 0xf6, 0xea, 0xff, 0xfd, 0xe3, 0xc6, 0xff, 0xfd, 0xdb, 0xb5, 0xff,
    0xfd, 0xdb, 0xb5, 0xff, 0xfd, 0xdb, 0xb5, 0xff, 0xfd, 0xdb, 0xb5, 0xff,
    0xfd, 0xdd, 0xb9, 0xff, 0xfb, 0xac, 0x4d, 0xff, 0xf9, 0x96, 0x1c, 0xff,
    0xf9, 0x96, 0x1c, 0xff, 0xf9, 0x96, 0x1c, 0xff, 0xfc, 0xa5, 0x3a, 0xb9,
    0x00, 0x00, 0x00, 0x00, 0x00, 0x00, 0x00, 0x00, 0x00, 0x00, 0x00, 0x00,
    0x00, 0x00, 0x00, 0x00, 0x00, 0x00, 0x00, 0x00, 0xee, 0xbb, 0x66, 0x0f,
    0xfc, 0xb9, 0x64, 0xf6, 0xfc, 0xb9, 0x64, 0xff, 0xfc, 0xb9, 0x64, 0xff,
    0xfc, 0xb9, 0x64, 0xff, 0xfe, 0xe1, 0xbd, 0xff, 0xff, 0xf6, 0xea, 0xff,
    0xff, 0xf6, 0xea, 0xff, 0xff, 0xf6, 0xea, 0xff, 0xff, 0xf6, 0xea, 0xff,
    0xff, 0xf6, 0xea, 0xff, 0xff, 0xf6, 0xea, 0xff, 0xff, 0xf6, 0xea, 0xff,
    0xff, 0xf6, 0xea, 0xff, 0xff, 0xf6, 0xea, 0xff, 0xff, 0xf6, 0xea, 0xff,
    0xff, 0xf6, 0xea, 0xff, 0xff, 0xf6, 0xea, 0xff, 0xff, 0xf6, 0xea, 0xff,
    0xff, 0xf6, 0xea, 0xff, 0xff, 0xf6, 0xea, 0xff, 0xfc, 0xc3, 0x7b, 0xff,
    0xf9, 0x96, 0x1c, 0xff, 0xfb, 0xae, 0x50, 0xff, 0xfb, 0xae, 0x50, 0xff,
    0xfb, 0xae, 0x50, 0xff, 0xfb, 0xae, 0x50, 0xff, 0xfb, 0xae, 0x50, 0xff,
    0xf9, 0x96, 0x1c, 0xff, 0xfa, 0xaa, 0x48, 0xff, 0xff, 0xf6, 0xea, 0xff,
    0xfd, 0xd6, 0xa5, 0xff, 0xf9, 0x96, 0x1c, 0xff, 0xf9, 0x96, 0x1c, 0xff,
    0xf9, 0x96, 0x1c, 0xff, 0xfb, 0xab, 0x49, 0xff, 0xfa, 0x9f, 0x2f, 0xff,
    0xf9, 0x96, 0x1c, 0xff, 0xfb, 0xb6, 0x61, 0xff, 0xff, 0xf6, 0xea, 0xff,
    0xff, 0xf6, 0xea, 0xff, 0xff, 0xf6, 0xea, 0xff, 0xff, 0xf6, 0xea, 0xff,
    0xff, 0xf6, 0xea, 0xff, 0xff, 0xf6, 0xea, 0xff, 0xff, 0xf6, 0xea, 0xff,
    0xff, 0xf6, 0xea, 0xff, 0xff, 0xf6, 0xea, 0xff, 0xff, 0xef, 0xdc, 0xff,
    0xfd, 0xdb, 0xb5, 0xff, 0xfd, 0xdb, 0xb5, 0xff, 0xfd, 0xdb, 0xb5, 0xff,
    0xfd, 0xdb, 0xb5, 0xff, 0xfd, 0xdb, 0xb5, 0xff, 0xfd, 0xd9, 0xad, 0xff,
    0xf9, 0x96, 0x1c, 0xff, 0xf9, 0x96, 0x1c, 0xff, 0xf9, 0x96, 0x1c, 0xff,
    0xf8, 0x9b, 0x26, 0xfe, 0xf7, 0xa7, 0x40, 0x20, 0x00, 0x00, 0x00, 0x00,
    0x00, 0x00, 0x00, 0x00, 0x00, 0x00, 0x00, 0x00, 0x00, 0x00, 0x00, 0x00,
    0xfd, 0xb9, 0x64, 0x75, 0xfc, 0xb9, 0x64, 0xff, 0xfc, 0xb9, 0x64, 0xff,
    0xfc, 0xb9, 0x64, 0xff, 0xfd, 0xc8, 0x84, 0xff, 0xff, 0xf6, 0xea, 0xff,
    0xff, 0xf6, 0xea, 0xff, 0xff, 0xf6, 0xea, 0xff, 0xff, 0xf6, 0xea, 0xff,
    0xff, 0xf6, 0xea, 0xff, 0xff, 0xf6, 0xea, 0xff, 0xff, 0xf6, 0xea, 0xff,
    0xff, 0xf6, 0xea, 0xff, 0xff, 0xf6, 0xea, 0xff, 0xff, 0xf6, 0xea, 0xff,
    0xff, 0xf6, 0xea, 0xff, 0xff, 0xf6, 0xea, 0xff, 0xff, 0xf6, 0xea, 0xff,
    0xff, 0xf6, 0xea, 0xff, 0xff, 0xf6, 0xea, 0xff, 0xff, 0xf6, 0xea, 0xff,
    0xfb, 0xae, 0x50, 0xff, 0xf9, 0x96, 0x1c, 0xff, 0xfd, 0xd4, 0xa0, 0xff,
    0xff, 0xf6, 0xea, 0xff, 0xff, 0xf6, 0xea, 0xff, 0xff, 0xf6, 0xea, 0xff,
    0xff, 0xf6, 0xea, 0xff, 0xfb, 0xab, 0x48, 0xff, 0xf9, 0x96, 0x1c, 0xff,
    0xff, 0xf6, 0xea, 0xff, 0xff, 0xf6, 0xea, 0xff, 0xfd, 0xe2, 0xbe, 0xff,
    0xfa, 0xb0, 0x52, 0xff, 0xf9, 0x96, 0x1c, 0xff, 0xf9, 0x96, 0x1c, 0xff,
    0xf9, 0x9a, 0x25, 0xff, 0xfb, 0xb3, 0x5b, 0xff, 0xfd, 0xd6, 0xa5, 0xff,
    0xff, 0xf6, 0xea, 0xff, 0xff, 0xf6, 0xea, 0xff, 0xff, 0xf6, 0xea, 0xff,
    0xff, 0xf6, 0xea, 0xff, 0xff, 0xf6, 0xea, 0xff, 0xff, 0xf6, 0xea, 0xff,
    0xff, 0xf6, 0xea, 0xff, 0xff, 0xf6, 0xea, 0xff, 0xff, 0xf6, 0xea, 0xff,
    0xff, 0xf6, 0xea, 0xff, 0xfe, 0xe5, 0xc8, 0xff, 0xfd, 0xdb, 0xb5, 0xff,
    0xfd, 0xdb, 0xb5, 0xff, 0xfd, 0xdb, 0xb5, 0xff, 0xfd, 0xdb, 0xb5, 0xff,
    0xfd, 0xdd, 0xb7, 0xff, 0xfb, 0xb5, 0x5e, 0xff, 0xf9, 0x96, 0x1c, 0xff,
    0xf9, 0x96, 0x1c, 0xff, 0xf9, 0x96, 0x1c, 0xff, 0xfa, 0xa0, 0x33, 0xba,
    0x00, 0x00, 0x00, 0x00, 0x00, 0x00, 0x00, 0x00, 0x00, 0x00, 0x00, 0x00,
    0x00, 0x00, 0x00, 0x00, 0xfb, 0xb9, 0x64, 0xd6, 0xfc, 0xb9, 0x64, 0xff,
    0xfc, 0xb9, 0x64, 0xff, 0xfc, 0xb9, 0x64, 0xff, 0xfe, 0xe1, 0xbd, 0xff,
    0xff, 0xf6, 0xea, 0xff, 0xff, 0xf6, 0xea, 0xff, 0xff, 0xf6, 0xea, 0xff,
    0xff, 0xf6, 0xea, 0xff, 0xff, 0xf6, 0xea, 0xff, 0xff, 0xf6, 0xea, 0xff,
    0xff, 0xf6, 0xea, 0xff, 0xff, 0xf6, 0xea, 0xff, 0xff, 0xf6, 0xea, 0xff,
    0xff, 0xf6, 0xea, 0xff, 0xff, 0xf6, 0xea, 0xff, 0xff, 0xf6, 0xea, 0xff,
    0xff, 0xf6, 0xea, 0xff, 0xff, 0xf6, 0xea, 0xff, 0xff, 0xf6, 0xea, 0xff,
    0xff, 0xf6, 0xea, 0xff, 0xfe, 0xe6, 0xc8, 0xff, 0xfd, 0xdd, 0xb6, 0xff,
    0xff, 0xf6, 0xea, 0xff, 0xff, 0xf6, 0xea, 0xff, 0xff, 0xf6, 0xea, 0xff,
    0xff, 0xf6, 0xea, 0xff, 0xff, 0xf6, 0xea, 0xff, 0xfe, 0xf1, 0xe0, 0xff,
    0xfd, 0xdd, 0xb6, 0xff, 0xff, 0xf6, 0xea, 0xff, 0xff, 0xf6, 0xea, 0xff,
    0xff, 0xf6, 0xea, 0xff, 0xff, 0xf6, 0xea, 0xff, 0xfe, 0xea, 0xd0, 0xff,
    0xfd, 0xdd, 0xb6, 0xff, 0xff, 0xf6, 0xea, 0xff, 0xff, 0xf6, 0xea, 0xff,
    0xff, 0xf6, 0xea, 0xff, 0xff, 0xf6, 0xea, 0xff, 0xff, 0xf6, 0xea, 0xff,
    0xff, 0xf6, 0xea, 0xff, 0xff, 0xf6, 0xea, 0xff, 0xff, 0xf6, 0xea, 0xff,
    0xff, 0xf6, 0xea, 0xff, 0xff, 0xf6, 0xea, 0xff, 0xff, 0xf6, 0xea, 0xff,
    0xff, 0xf6, 0xea, 0xff, 0xff, 0xf6, 0xea, 0xff, 0xfe, 0xf0, 0xdf, 0xff,
    0xfd, 0xdb, 0xb5, 0xff, 0xfd, 0xdb, 0xb5, 0xff, 0xfd, 0xdb, 0xb5, 0xff,
    0xfd, 0xdb, 0xb5, 0xff, 0xfd, 0xdb, 0xb5, 0xff, 0xfd, 0xd9, 0xae, 0xff,
    0xf9, 0x96, 0x1c, 0xff, 0xf9, 0x96, 0x1c, 0xff, 0xf9, 0x96, 0x1c, 0xff,
    0xfa, 0x9e, 0x2c, 0xf5, 0x00, 0x00, 0x00, 0x00, 0x00, 0x00, 0x00, 0x00,
    0x00, 0x00, 0x00, 0x00, 0xfb, 0xb9, 0x63, 0x3e, 0xfc, 0xb9, 0x64, 0xff,
    0xfc, 0xb9, 0x64, 0xff, 0xfc, 0xb9, 0x64, 0xff, 0xfc, 0xc1, 0x76, 0xff,
    0xff, 0xf6, 0xea, 0xff, 0xff, 0xf6, 0xea, 0xff, 0xff, 0xf6, 0xea, 0xff,
    0xff, 0xf6, 0xea, 0xff, 0xff, 0xf6, 0xea, 0xff, 0xff, 0xf6, 0xea, 0xff,
    0xff, 0xf6, 0xea, 0xff, 0xff, 0xf6, 0xea, 0xff, 0xff, 0xf6, 0xea, 0xff,
    0xff, 0xf6, 0xea, 0xff, 0xff, 0xf6, 0xea, 0xff, 0xff, 0xf6, 0xea, 0xff,
    0xff, 0xf6, 0xea, 0xff, 0xff, 0xf6, 0xea, 0xff, 0xff, 0xf6, 0xea, 0xff,
    0xff, 0xf6, 0xea, 0xff, 0xff, 0xf6, 0xea, 0xff, 0xff, 0xf6, 0xea, 0xff,
    0xff, 0xf6, 0xea, 0xff, 0xff, 0xf6, 0xea, 0xff, 0xff, 0xf6, 0xea, 0xff,
    0xff, 0xf6, 0xea, 0xff, 0xff, 0xf6, 0xea, 0xff, 0xff, 0xf6, 0xea, 0xff,
    0xff, 0xf6, 0xea, 0xff, 0xff, 0xf6, 0xea, 0xff, 0xff, 0xf6, 0xea, 0xff,
    0xff, 0xf6, 0xea, 0xff, 0xff, 0xf6, 0xea, 0xff, 0xff, 0xf6, 0xea, 0xff,
    0xff, 0xf6, 0xea, 0xff, 0xff, 0xf6, 0xea, 0xff, 0xff, 0xf6, 0xea, 0xff,
    0xff, 0xf6, 0xea, 0xff, 0xff, 0xf6, 0xea, 0xff, 0xff, 0xf6, 0xea, 0xff,
    0xff, 0xf6, 0xea, 0xff, 0xff, 0xf6, 0xea, 0xff, 0xff, 0xf6, 0xea, 0xff,
    0xff, 0xf6, 0xea, 0xff, 0xff, 0xf6, 0xea, 0xff, 0xff, 0xf6, 0xea, 0xff,
    0xff, 0xf6, 0xea, 0xff, 0xff, 0xf6, 0xea, 0xff, 0xff, 0xf6, 0xea, 0xff,
    0xff, 0xf6, 0xea, 0xff, 0xfe, 0xe5, 0xc8, 0xff, 0xfd, 0xdb, 0xb5, 0xff,
    0xfd, 0xdb, 0xb5, 0xff, 0xfd, 0xdb, 0xb5, 0xff, 0xfd, 0xdb, 0xb5, 0xff,
    0xfd, 0xdb, 0xb5, 0xff, 0xfa, 0xa9, 0x46, 0xff, 0xf9, 0x96, 0x1c, 0xff,
    0xf9, 0x96, 0x1c, 0xff, 0xf9, 0x96, 0x1c, 0xff, 0xf9, 0xad, 0x49, 0x54,
    0x00, 0x00, 0x00, 0x00, 0x00, 0x00, 0x00, 0x00, 0xfd, 0xba, 0x63, 0x8d,
    0xfc, 0xb9, 0x64, 0xff, 0xfc, 0xb9, 0x64, 0xff, 0xfc, 0xb9, 0x64, 0xff,
    0xfd, 0xd6, 0xa5, 0xff, 0xff, 0xf6, 0xea, 0xff, 0xff, 0xf6, 0xea, 0xff,
    0xff, 0xf6, 0xea, 0xff, 0xff, 0xf6, 0xea, 0xff, 0xff, 0xf6, 0xea, 0xff,
    0xff, 0xf6, 0xea, 0xff, 0xff, 0xf6, 0xea, 0xff, 0xff, 0xf6, 0xea, 0xff,
    0xff, 0xf6, 0xea, 0xff, 0xff, 0xf6, 0xea, 0xff, 0xff, 0xf6, 0xea, 0xff,
    0xff, 0xf6, 0xea, 0xff, 0xff, 0xf6, 0xea, 0xff, 0xff, 0xf6, 0xea, 0xff,
    0xff, 0xf6, 0xea, 0xff, 0xff, 0xf6, 0xea, 0xff, 0xff, 0xf6, 0xea, 0xff,
    0xff, 0xf6, 0xea, 0xff, 0xff, 0xf6, 0xea, 0xff, 0xff, 0xf6, 0xea, 0xff,
    0xff, 0xf6, 0xea, 0xff, 0xff, 0xf6, 0xea, 0xff, 0xff, 0xf6, 0xea, 0xff,
    0xff, 0xf6, 0xea, 0xff, 0xff, 0xf6, 0xea, 0xff, 0xff, 0xf6, 0xea, 0xff,
    0xff, 0xf6, 0xea, 0xff, 0xff, 0xf6, 0xea, 0xff, 0xff, 0xf6, 0xea, 0xff,
    0xff, 0xf6, 0xea, 0xff, 0xff, 0xf6, 0xea, 0xff, 0xff, 0xf6, 0xea, 0xff,
    0xff, 0xf6, 0xea, 0xff, 0xff, 0xf6, 0xea, 0xff, 0xff, 0xf6, 0xea, 0xff,
    0xff, 0xf6, 0xea, 0xff, 0xff, 0xf6, 0xea, 0xff, 0xff, 0xf6, 0xea, 0xff,
    0xff, 0xf6, 0xea, 0xff, 0xff, 0xf6, 0xea, 0xff, 0xff, 0xf6, 0xea, 0xff,
    0xff, 0xf6, 0xea, 0xff, 0xff, 0xf6, 0xea, 0xff, 0xff, 0xf6, 0xea, 0xff,
    0xff, 0xf6, 0xea, 0xff, 0xff, 0xf6, 0xea, 0xff, 0xfe, 0xec, 0xd6, 0xff,
    0xfd, 0xdb, 0xb5, 0xff, 0xfd, 0xdb, 0xb5, 0xff, 0xfd, 0xdb, 0xb5, 0xff,
    0xfd, 0xdb, 0xb5, 0xff, 0xfd, 0xdb, 0xb5, 0xff, 0xfc, 0xcc, 0x93, 0xff,
    0xf9, 0x96, 0x1c, 0xff, 0xf9, 0x96, 0x1c, 0xff, 0xf9, 0x96, 0x1c, 0xff,
    0xfb, 0xa8, 0x3f, 0xb6, 0x00, 0x00, 0x00, 0x00, 0x00, 0x00, 0x00, 0x00,
    0xfb, 0xb9, 0x64, 0xd6, 0xfc, 0xb9, 0x64, 0xff, 0xfc, 0xb9, 0x64, 0xff,
    0xfc, 0xb9, 0x64, 0xff, 0xfe, 0xeb, 0xd0, 0xff, 0xff, 0xf6, 0xea, 0xff,
    0xff, 0xf6, 0xea, 0xff, 0xff, 0xf6, 0xea, 0xff, 0xff, 0xf6, 0xea, 0xff,
    0xff, 0xf6, 0xea, 0xff, 0xff, 0xf6, 0xea, 0xff, 0xff, 0xf6, 0xea, 0xff,
    0xff, 0xf6, 0xea, 0xff, 0xff, 0xf6, 0xea, 0xff, 0xff, 0xf6, 0xea, 0xff,
    0xff, 0xf6, 0xea, 0xff, 0xff, 0xf6, 0xea, 0xff, 0xff, 0xf6, 0xea, 0xff,
    0xff, 0xf6, 0xea, 0xff, 0xff, 0xf6, 0xea, 0xff, 0xff, 0xf6, 0xea, 0xff,
    0xff, 0xf6, 0xea, 0xff, 0xff, 0xf6, 0xea, 0xff, 0xff, 0xf6, 0xea, 0xff,
    0xff, 0xf6, 0xea, 0xff, 0xff, 0xf6, 0xea, 0xff, 0xff, 0xf6, 0xea, 0xff,
    0xff, 0xf6, 0xea, 0xff, 0xff, 0xf6, 0xea, 0xff, 0xff, 0xf6, 0xea, 0xff,
    0xff, 0xf6, 0xea, 0xff, 0xff, 0xf6, 0xea, 0xff, 0xff, 0xf6, 0xea, 0xff,
    0xff, 0xf6, 0xea, 0xff, 0xff, 0xf6, 0xea, 0xff, 0xff, 0xf6, 0xea, 0xff,
    0xff, 0xf6, 0xea, 0xff, 0xff, 0xf6, 0xea, 0xff, 0xff, 0xf6, 0xea, 0xff,
    0xff, 0xf6, 0xea, 0xff, 0xff, 0xf6, 0xea, 0xff, 0xff, 0xf6, 0xea, 0xff,
    0xff, 0xf6, 0xea, 0xff, 0xff, 0xf6, 0xea, 0xff, 0xff, 0xf6, 0xea, 0xff,
    0xff, 0xf6, 0xea, 0xff, 0xff, 0xf6, 0xea, 0xff, 0xff, 0xf6, 0xea, 0xff,
    0xff, 0xf6, 0xea, 0xff, 0xff, 0xf6, 0xea, 0xff, 0xff, 0xf6, 0xea, 0xff,
    0xff, 0xf4, 0xe7, 0xff, 0xfd, 0xdc, 0xb7, 0xff, 0xfd, 0xdb, 0xb5, 0xff,
    0xfd, 0xdb, 0xb5, 0xff, 0xfd, 0xdb, 0xb5, 0xff, 0xfd, 0xdb, 0xb5, 0xff,
    0xfe, 0xde, 0xbb, 0xff, 0xf9, 0x96, 0x1c, 0xff, 0xf9, 0x96, 0x1c, 0xff,
    0xf9, 0x96, 0x1c, 0xff, 0xfa, 0xa0, 0x33, 0xf0, 0x00, 0x00, 0x00, 0x00,
    0xff, 0xbb, 0x66, 0x1e, 0xfc, 0xb9, 0x64, 0xff, 0xfc, 0xb9, 0x64, 0xff,
    0xfc, 0xb9, 0x64, 0xff, 0xfc, 0xc1, 0x76, 0xff, 0xff, 0xf6, 0xea, 0xff,
    0xff, 0xf6, 0xea, 0xff, 0xff, 0xf6, 0xea, 0xff, 0xff, 0xf6, 0xea, 0xff,
    0xff, 0xf6, 0xea, 0xff, 0xff, 0xf6, 0xea, 0xff, 0xff, 0xf6, 0xea, 0xff,
    0xff, 0xf6, 0xea, 0xff, 0xff, 0xf6, 0xea, 0xff, 0xff, 0xf6, 0xea, 0xff,
    0xff, 0xf6, 0xea, 0xff, 0xff, 0xf6, 0xea, 0xff, 0xff, 0xf6, 0xea, 0xff,
    0xff, 0xf6, 0xea, 0xff, 0xff, 0xf6, 0xea, 0xff, 0xff, 0xf6, 0xea, 0xff,
    0xff, 0xf6, 0xea, 0xff, 0xff, 0xf6, 0xea, 0xff, 0xff, 0xf6, 0xea, 0xff,
    0xff, 0xf6, 0xea, 0xff, 0xff, 0xf6, 0xea, 0xff, 0xff, 0xf6, 0xea, 0xff,
    0xff, 0xf6, 0xea, 0xff, 0xff, 0xf6, 0xea, 0xff, 0xff, 0xf6, 0xea, 0xff,
    0xff, 0xf6, 0xea, 0xff, 0xff, 0xf6, 0xea, 0xff, 0xff, 0xf6, 0xea, 0xff,
    0xff, 0xf6, 0xea, 0xff, 0xff, 0xf6, 0xea, 0xff, 0xff, 0xf6, 0xea, 0xff,
    0xff, 0xf6, 0xea, 0xff, 0xff, 0xf6, 0xea, 0xff, 0xff, 0xf6, 0xea, 0xff,
    0xff, 0xf6, 0xea, 0xff, 0xff, 0xf6, 0xea, 0xff, 0xff, 0xf6, 0xea, 0xff,
    0xff, 0xf6, 0xea, 0xff, 0xff, 0xf6, 0xea, 0xff, 0xff, 0xf6, 0xea, 0xff,
    0xff, 0xf6, 0xea, 0xff, 0xff, 0xf6, 0xea, 0xff, 0xff, 0xf6, 0xea, 0xff,
    0xff, 0xf6, 0xea, 0xff, 0xff, 0xf6, 0xea, 0xff, 0xff, 0xf6, 0xea, 0xff,
    0xff, 0xf6, 0xea, 0xff, 0xff, 0xf6, 0xea, 0xff, 0xfe, 0xe3, 0xc5, 0xff,
    0xfd, 0xdb, 0xb5, 0xff, 0xfd, 0xdb, 0xb5, 0xff, 0xfd, 0xdb, 0xb5, 0xff,
    0xfd, 0xdb, 0xb5, 0xff, 0xfe, 0xde, 0xbb, 0xff, 0xfa, 0xa3, 0x37, 0xff,
    0xf9, 0x96, 0x1c, 0xff, 0xf9, 0x96, 0x1c, 0xff, 0xf9, 0x98, 0x1f, 0xff,
    0xff, 0xbb, 0x66, 0x1e, 0xfc, 0xb8, 0x65, 0x56, 0xfc, 0xb9, 0x64, 0xff,
    0xfc, 0xb9, 0x64, 0xff, 0xfc, 0xb9, 0x64, 0xff, 0xfd, 0xd0, 0x97, 0xff,
    0xff, 0xf6, 0xea, 0xff, 0xff, 0xf6, 0xea, 0xff, 0xff, 0xf6, 0xea, 0xff,
    0xff, 0xf6, 0xea, 0xff, 0xff, 0xf6, 0xea, 0xff, 0xff, 0xf6, 0xea, 0xff,
    0xff, 0xf6, 0xea, 0xff, 0xff, 0xf6, 0xea, 0xff, 0xff, 0xf6, 0xea, 0xff,
    0xff, 0xf6, 0xea, 0xff, 0xff, 0xf6, 0xea, 0xff, 0xff, 0xf6, 0xea, 0xff,
    0xff, 0xf6, 0xea, 0xff, 0xff, 0xf6, 0xea, 0xff, 0xff, 0xf6, 0xea, 0xff,
    0xff, 0xf6, 0xea, 0xff, 0xff, 0xf6, 0xea, 0xff, 0xff, 0xf6, 0xea, 0xff,
    0xff, 0xf6, 0xea, 0xff, 0xff, 0xf6, 0xea, 0xff, 0xff, 0xf6, 0xea, 0xff,
    0xff, 0xf6, 0xea, 0xff, 0xff, 0xf6, 0xea, 0xff, 0xff, 0xf6, 0xea, 0xff,
    0xff, 0xf6, 0xea, 0xff, 0xff, 0xf6, 0xea, 0xff, 0xff, 0xf6, 0xea, 0xff,
    0xff, 0xf6, 0xea, 0xff, 0xff, 0xf6, 0xea, 0xff, 0xff, 0xf6, 0xea, 0xff,
    0xff, 0xf6, 0xea, 0xff, 0xff, 0xf6, 0xea, 0xff, 0xff, 0xf6, 0xea, 0xff,
    0xff, 0xf6, 0xea, 0xff, 0xff, 0xf6, 0xea, 0xff, 0xff, 0xf6, 0xea, 0xff,
    0xff, 0xf6, 0xea, 0xff, 0xff, 0xf6, 0xea, 0xff, 0xff, 0xf6, 0xea, 0xff,
    0xff, 0xf6, 0xea, 0xff, 0xff, 0xf6, 0xea, 0xff, 0xff, 0xf6, 0xea, 0xff,
    0xff, 0xf6, 0xea, 0xff, 0xff, 0xf6, 0xea, 0xff, 0xff, 0xf6, 0xea, 0xff,
    0xff, 0xf6, 0xea, 0xff, 0xff, 0xf6, 0xea, 0xff, 0xff, 0xf6, 0xea, 0xff,
    0xff, 0xed, 0xd7, 0xff, 0xfd, 0xdb, 0xb5, 0xff, 0xfd, 0xdb, 0xb5, 0xff,
    0xfd, 0xdb, 0xb5, 0xff, 0xfd, 0xdb, 0xb5, 0xff, 0xfd, 0xdb, 0xb5, 0xff,
    0xfc, 0xc1, 0x79, 0xff, 0xf9, 0x96, 0x1c, 0xff, 0xf9, 0x96, 0x1c, 0xff,
    0xf9, 0x96, 0x1c, 0xff, 0xfb, 0xa5, 0x40, 0x80, 0xfd, 0xba, 0x64, 0x85,
    0xfc, 0xb9, 0x64, 0xff, 0xfc, 0xb9, 0x64, 0xff, 0xfc, 0xb9, 0x64, 0xff,
    0xfe, 0xdd, 0xb4, 0xff, 0xff, 0xf6, 0xea, 0xff, 0xff, 0xf6, 0xea, 0xff,
    0xff, 0xf6, 0xea, 0xff, 0xff, 0xf6, 0xea, 0xff, 0xff, 0xf6, 0xea, 0xff,
    0xff, 0xf6, 0xea, 0xff, 0xff, 0xf6, 0xea, 0xff, 0xfe, 0xf0, 0xdd, 0xff,
    0xfd, 0xcd, 0x91, 0xff, 0xfc, 0xbd, 0x6b, 0xff, 0xfc, 0xb9, 0x64, 0xff,
    0xfd, 0xca, 0x8a, 0xff, 0xfd, 0xca, 0x8a, 0xff, 0xfd, 0xca, 0x8a, 0xff,
    0xfd, 0xca, 0x8a, 0xff, 0xfd, 0xca, 0x8a, 0xff, 0xfd, 0xca, 0x8a, 0xff,
    0xfd, 0xca, 0x8a, 0xff, 0xfd, 0xca, 0x8a, 0xff, 0xfd, 0xca, 0x8a, 0xff,
    0xfd, 0xca, 0x8a, 0xff, 0xfd, 0xca, 0x8a, 0xff, 0xfd, 0xca, 0x8a, 0xff,
    0xfd, 0xca, 0x8a, 0xff, 0xfd, 0xca, 0x8a, 0xff, 0xfd, 0xca, 0x8a, 0xff,
    0xfd, 0xca, 0x8a, 0xff, 0xfd, 0xca, 0x8a, 0xff, 0xfd, 0xca, 0x8a, 0xff,
    0xfd, 0xca, 0x8a, 0xff, 0xfd, 0xca, 0x8a, 0xff, 0xfd, 0xca, 0x8a, 0xff,
    0xfd, 0xca, 0x8a, 0xff, 0xfd, 0xca, 0x8a, 0xff, 0xfd, 0xca, 0x8a, 0xff,
    0xfd, 0xca, 0x8a, 0xff, 0xfd, 0xca, 0x8a, 0xff, 0xfd, 0xca, 0x8a, 0xff,
    0xfd, 0xca, 0x8a, 0xff, 0xfd, 0xca, 0x8a, 0xff, 0xfd, 0xca, 0x8a, 0xff,
    0xfc, 0xbc, 0x6e, 0xff, 0xfa, 0x96, 0x1e, 0xff, 0xfa, 0x9e, 0x2e, 0xff,
    0xfa, 0x9f, 0x30, 0xff, 0xfa, 0xac, 0x4c, 0xff, 0xfd, 0xe3, 0xc3, 0xff,
    0xff, 0xf6, 0xea, 0xff, 0xff, 0xf6, 0xea, 0xff, 0xfd, 0xdb, 0xb5, 0xff,
    0xfd, 0xdb, 0xb5, 0xff, 0xfd, 0xdb, 0xb5, 0xff, 0xfd, 0xdb, 0xb5, 0xff,
    0xfd, 0xdb, 0xb5, 0xff, 0xfc, 0xd4, 0xa5, 0xff, 0xf9, 0x96, 0x1c, 0xff,
    0xf9, 0x96, 0x1c, 0xff, 0xf9, 0x96, 0x1c, 0xff, 0xfc, 0xa9, 0x3e, 0xb1,
    0xfc, 0xba, 0x64, 0xad, 0xfc, 0xb9, 0x64, 0xff, 0xfc, 0xb9, 0x64, 0xff,
    0xfc, 0xb9, 0x64, 0xff, 0xfe, 0xe8, 0xcb, 0xff, 0xff, 0xf6, 0xea, 0xff,
    0xff, 0xf6, 0xea, 0xff, 0xff, 0xf6, 0xea, 0xff, 0xff, 0xf6, 0xea, 0xff,
    0xff, 0xf6, 0xea, 0xff, 0xff, 0xf6, 0xea, 0xff, 0xff, 0xf6, 0xea, 0xff,
    0xfd, 0xd0, 0x96, 0xff, 0xfc, 0xb9, 0x64, 0xff, 0xfc, 0xb9, 0x64, 0xff,
    0xfc, 0xb9, 0x64, 0xff, 0xfc, 0xb9, 0x64, 0xff, 0xfc, 0xb9, 0x64, 0xff,
    0xfc, 0xb9, 0x64, 0xff, 0xfc, 0xb9, 0x64, 0xff, 0xfc, 0xb9, 0x64, 0xff,
    0xfc, 0xb9, 0x64, 0xff, 0xfc, 0xb9, 0x64, 0xff, 0xfc, 0xb9, 0x64, 0xff,
    0xfc, 0xb9, 0x64, 0xff, 0xfc, 0xb9, 0x64, 0xff, 0xfc, 0xb9, 0x64, 0xff,
    0xfc, 0xb9, 0x64, 0xff, 0xfc, 0xb9, 0x64, 0xff, 0xfc, 0xb9, 0x64, 0xff,
    0xfc, 0xb9, 0x64, 0xff, 0xfc, 0xb9, 0x64, 0xff, 0xfc, 0xb9, 0x64, 0xff,
    0xfc, 0xb9, 0x64, 0xff, 0xfc, 0xb9, 0x64, 0xff, 0xfc, 0xb9, 0x64, 0xff,
    0xfc, 0xb9, 0x64, 0xff, 0xfc, 0xb9, 0x64, 0xff, 0xfc, 0xb9, 0x64, 0xff,
    0xfc, 0xb9, 0x64, 0xff, 0xfc, 0xb9, 0x64, 0xff, 0xfc, 0xb9, 0x64, 0xff,
    0xfc, 0xb9, 0x64, 0xff, 0xfc, 0xb9, 0x64, 0xff, 0xfc, 0xb9, 0x64, 0xff,
    0xfc, 0xb9, 0x64, 0xff, 0xfc, 0xb9, 0x64, 0xff, 0xfb, 0xb0, 0x52, 0xff,
    0xf9, 0x96, 0x1c, 0xff, 0xf9, 0x96, 0x1c, 0xff, 0xf9, 0x96, 0x1c, 0xff,
    0xfa, 0xa8, 0x43, 0xff, 0xff, 0xf6, 0xea, 0xff, 0xff, 0xf6, 0xea, 0xff,
    0xfd, 0xdd, 0xba, 0xff, 0xfd, 0xdb, 0xb5, 0xff, 0xfd, 0xdb, 0xb5, 0xff,
    0xfd, 0xdb, 0xb5, 0xff, 0xfd, 0xdb, 0xb5, 0xff, 0xfe, 0xdd, 0xb7, 0xff,
    0xf9, 0x96, 0x1c, 0xff, 0xf9, 0x96, 0x1c, 0xff, 0xf9, 0x96, 0x1c, 0xff,
    0xfa, 0xa4, 0x39, 0xd5, 0xfb, 0xb8, 0x64, 0xce, 0xfc, 0xb9, 0x64, 0xff,
    0xfc, 0xb9, 0x64, 0xff, 0xfc, 0xb9, 0x64, 0xff, 0xff, 0xf1, 0xdf, 0xff,
    0xff, 0xf6, 0xea, 0xff, 0xff, 0xf6, 0xea, 0xff, 0xff, 0xf6, 0xea, 0xff,
    0xff, 0xf6, 0xea, 0xff, 0xff, 0xf6, 0xea, 0xff, 0xff, 0xf6, 0xea, 0xff,
    0xff, 0xf6, 0xea, 0xff, 0xfd, 0xcf, 0x94, 0xff, 0xfc, 0xb9, 0x64, 0xff,
    0xfc, 0xb9, 0x64, 0xff, 0xfc, 0xb9, 0x64, 0xff, 0xfc, 0xb9, 0x64, 0xff,
    0xfc, 0xb9, 0x64, 0xff, 0xfc, 0xb9, 0x64, 0xff, 0xfc, 0xb9, 0x64, 0xff,
    0xfc, 0xb9, 0x64, 0xff, 0xfc, 0xb9, 0x64, 0xff, 0xfc, 0xb9, 0x64, 0xff,
    0xfc, 0xb9, 0x64, 0xff, 0xfc, 0xb9, 0x64, 0xff, 0xfc, 0xb9, 0x64, 0xff,
    0xfc, 0xb9, 0x64, 0xff, 0xfc, 0xb9, 0x64, 0xff, 0xfc, 0xb9, 0x64, 0xff,
    0xfc, 0xb9, 0x64, 0xff, 0xfc, 0xb9, 0x64, 0xff, 0xfc, 0xb9, 0x64, 0xff,
    0xfc, 0xb9, 0x64, 0xff, 0xfc, 0xb9, 0x64, 0xff, 0xfc, 0xb9, 0x64, 0xff,
    0xfc, 0xb9, 0x64, 0xff, 0xfc, 0xb9, 0x64, 0xff, 0xfc, 0xb9, 0x64, 0xff,
    0xfc, 0xb9, 0x64, 0xff, 0xfc, 0xb9, 0x64, 0xff, 0xfc, 0xb9, 0x64, 0xff,
    0xfc, 0xb9, 0x64, 0xff, 0xfc, 0xb9, 0x64, 0xff, 0xfc, 0xb9, 0x64, 0xff,
    0xfc, 0xb9, 0x64, 0xff, 0xfc, 0xb9, 0x64, 0xff, 0xfc, 0xb9, 0x64, 0xff,
    0xfb, 0xb0, 0x52, 0xff, 0xf9, 0x96, 0x1c, 0xff, 0xf9, 0x96, 0x1c, 0xff,
    0xf9, 0x96, 0x1c, 0xff, 0xfa, 0xa4, 0x3a, 0xff, 0xff, 0xf6, 0xea, 0xff,
    0xff, 0xf6, 0xea, 0xff, 0xfd, 0xdf, 0xbe, 0xff, 0xfd, 0xdb, 0xb5, 0xff,
    0xfd, 0xdb, 0xb5, 0xff, 0xfd, 0xdb, 0xb5, 0xff, 0xfd, 0xdb, 0xb5, 0xff,
    0xfd, 0xdf, 0xbd, 0xff, 0xf9, 0x96, 0x1c, 0xff, 0xf9, 0x96, 0x1c, 0xff,
    0xf9, 0x96, 0x1c, 0xff, 0xfa, 0xa2, 0x36, 0xeb, 0xfc, 0xb9, 0x64, 0xe6,
    0xfc, 0xb9, 0x64, 0xff, 0xfc, 0xb9, 0x64, 0xff, 0xfc, 0xbb, 0x67, 0xff,
    0xff, 0xf6, 0xea, 0xff, 0xff, 0xf6, 0xea, 0xff, 0xff, 0xf6, 0xea, 0xff,
    0xff, 0xf6, 0xea, 0xff, 0xff, 0xf6, 0xea, 0xff, 0xff, 0xf6, 0xea, 0xff,
    0xff, 0xf6, 0xea, 0xff, 0xff, 0xf6, 0xea, 0xff, 0xfe, 0xdf, 0xb9, 0xff,
    0xfc, 0xb9, 0x64, 0xff, 0xfc, 0xb9, 0x64, 0xff, 0xfc, 0xb9, 0x64, 0xff,
    0xfc, 0xb9, 0x64, 0xff, 0xfc, 0xb9, 0x64, 0xff, 0xfc, 0xb9, 0x64, 0xff,
    0xfc, 0xb9, 0x64, 0xff, 0xfc, 0xb9, 0x64, 0xff, 0xfc, 0xb9, 0x64, 0xff,
    0xfc, 0xb9, 0x64, 0xff, 0xfc, 0xb9, 0x64, 0xff, 0xfc, 0xb9, 0x64, 0xff,
    0xfc, 0xb9, 0x64, 0xff, 0xfc, 0xb9, 0x64, 0xff, 0xfc, 0xb9, 0x64, 0xff,
    0xfc, 0xb9, 0x64, 0xff, 0xfc, 0xb9, 0x64, 0xff, 0xfc, 0xb9, 0x64, 0xff,
    0xfc, 0xb9, 0x64, 0xff, 0xfc, 0xb9, 0x64, 0xff, 0xfc, 0xb9, 0x64, 0xff,
    0xfc, 0xb9, 0x64, 0xff, 0xfc, 0xb9, 0x64, 0xff, 0xfc, 0xb9, 0x64, 0xff,
    0xfc, 0xb9, 0x64, 0xff, 0xfc, 0xb9, 0x64, 0xff, 0xfc, 0xb9, 0x64, 0xff,
    0xfc, 0xb9, 0x64, 0xff, 0xfc, 0xb9, 0x64, 0xff, 0xfc, 0xb9, 0x64, 0xff,
    0xfc, 0xb9, 0x64, 0xff, 0xfc, 0xb9, 0x64, 0xff, 0xfc, 0xb9, 0x64, 0xff,
    0xfc, 0xb9, 0x64, 0xff, 0xfa, 0xa9, 0x44, 0xff, 0xf9, 0x96, 0x1c, 0xff,
    0xf9, 0x96, 0x1c, 0xff, 0xf9, 0x96, 0x1c, 0xff, 0xfd, 0xca, 0x8a, 0xff,
    0xff, 0xf6, 0xea, 0xff, 0xff, 0xf6, 0xea, 0xff, 0xfe, 0xe3, 0xc4, 0xff,
    0xfd, 0xdb, 0xb5, 0xff, 0xfd, 0xdb, 0xb5, 0xff, 0xfd, 0xdb, 0xb5, 0xff,
    0xfd, 0xdb, 0xb5, 0xff, 0xfd, 0xdd, 0xba, 0xff, 0xf9, 0x99, 0x21, 0xff,
    0xf9, 0x96, 0x1c, 0xff, 0xf9, 0x96, 0x1c, 0xff, 0xfa, 0x9f, 0x2f, 0xf8,
    0xfc, 0xb9, 0x64, 0xf6, 0xfc, 0xb9, 0x64, 0xff, 0xfc, 0xb9, 0x64, 0xff,
    0xfc, 0xbf, 0x71, 0xff, 0xff, 0xf6, 0xea, 0xff, 0xff, 0xf6, 0xea, 0xff,
    0xff, 0xf6, 0xea, 0xff, 0xff, 0xf6, 0xea, 0xff, 0xff, 0xf6, 0xea, 0xff,
    0xff, 0xf6, 0xea, 0xff, 0xff, 0xf6, 0xea, 0xff, 0xff, 0xf6, 0xea, 0xff,
    0xff, 0xf6, 0xea, 0xff, 0xfe, 0xed, 0xd8, 0xff, 0xfe, 0xec, 0xd6, 0xff,
    0xfe, 0xec, 0xd6, 0xff, 0xfe, 0xec, 0xd6, 0xff, 0xfe, 0xec, 0xd6, 0xff,
    0xfe, 0xec, 0xd6, 0xff, 0xfe, 0xec, 0xd6, 0xff, 0xfe, 0xec, 0xd6, 0xff,
    0xfe, 0xec, 0xd6, 0xff, 0xfe, 0xec, 0xd6, 0xff, 0xfe, 0xec, 0xd6, 0xff,
    0xfe, 0xec, 0xd6, 0xff, 0xfe, 0xec, 0xd6, 0xff, 0xfe, 0xec, 0xd6, 0xff,
    0xfe, 0xec, 0xd6, 0xff, 0xfe, 0xec, 0xd6, 0xff, 0xfe, 0xec, 0xd6, 0xff,
    0xfe, 0xec, 0xd6, 0xff, 0xfe, 0xec, 0xd6, 0xff, 0xfe, 0xec, 0xd6, 0xff,
    0xfe, 0xec, 0xd6, 0xff, 0xfe, 0xec, 0xd6, 0xff, 0xfe, 0xec, 0xd6, 0xff,
    0xfe, 0xec, 0xd6, 0xff, 0xfe, 0xec, 0xd6, 0xff, 0xfe, 0xec, 0xd6, 0xff,
    0xfe, 0xec, 0xd6, 0xff, 0xfe, 0xec, 0xd6, 0xff, 0xfe, 0xec, 0xd6, 0xff,
    0xfe, 0xec, 0xd6, 0xff, 0xfe, 0xec, 0xd6, 0xff, 0xfe, 0xec, 0xd6, 0xff,
    0xfa, 0xb9, 0x6a, 0xff, 0xfc, 0xd6, 0xa7, 0xff, 0xfc, 0xd6, 0xa7, 0xff,
    0xfc, 0xd6, 0xa7, 0xff, 0xfc, 0xd6, 0xa7, 0xff, 0xfd, 0xe2, 0xc0, 0xff,
    0xff, 0xf6, 0xea, 0xff, 0xff, 0xf6, 0xea, 0xff, 0xff, 0xf6, 0xea, 0xff,
    0xfe, 0xe5, 0xc8, 0xff, 0xfd, 0xdb, 0xb5, 0xff, 0xfd, 0xdb, 0xb5, 0xff,
    0xfd, 0xdb, 0xb5, 0xff, 0xfd, 0xdb, 0xb5, 0xff, 0xfd, 0xdb, 0xb5, 0xff,
    0xf9, 0xa2, 0x36, 0xff, 0xf9, 0x96, 0x1c, 0xff, 0xf9, 0x96, 0x1c, 0xff,
    0xfa, 0x9c, 0x28, 0xfd, 0xfc, 0xb9, 0x64, 0xfe, 0xfc, 0xb9, 0x64, 0xff,
    0xfc, 0xb9, 0x64, 0xff, 0xfc, 0xc1, 0x76, 0xff, 0xff, 0xf6, 0xea, 0xff,
    0xff, 0xf6, 0xea, 0xff, 0xff, 0xf6, 0xea, 0xff, 0xff, 0xf6, 0xea, 0xff,
    0xff, 0xf6, 0xea, 0xff, 0xff, 0xf6, 0xea, 0xff, 0xff, 0xf6, 0xea, 0xff,
    0xff, 0xf6, 0xea, 0xff, 0xff, 0xf6, 0xea, 0xff, 0xff, 0xf6, 0xea, 0xff,
    0xff, 0xf6, 0xea, 0xff, 0xff, 0xf6, 0xea, 0xff, 0xff, 0xf6, 0xea, 0xff,
    0xff, 0xf6, 0xea, 0xff, 0xff, 0xf6, 0xea, 0xff, 0xff, 0xf6, 0xea, 0xff,
    0xff, 0xf6, 0xea, 0xff, 0xff, 0xf6, 0xea, 0xff, 0xff, 0xf6, 0xea, 0xff,
    0xff, 0xf6, 0xea, 0xff, 0xff, 0xf6, 0xea, 0xff, 0xff, 0xf6, 0xea, 0xff,
    0xff, 0xf6, 0xea, 0xff, 0xff, 0xf6, 0xea, 0xff, 0xff, 0xf6, 0xea, 0xff,
    0xff, 0xf6, 0xea, 0xff, 0xff, 0xf6, 0xea, 0xff, 0xff, 0xf6, 0xea, 0xff,
    0xff, 0xf6, 0xea, 0xff, 0xff, 0xf6, 0xea, 0xff, 0xff, 0xf6, 0xea, 0xff,
    0xff, 0xf6, 0xea, 0xff, 0xff, 0xf6, 0xea, 0xff, 0xff, 0xf6, 0xea, 0xff,
    0xff, 0xf6, 0xea, 0xff, 0xff, 0xf6, 0xea, 0xff, 0xff, 0xf6, 0xea, 0xff,
    0xff, 0xf6, 0xea, 0xff, 0xff, 0xf6, 0xea, 0xff, 0xff, 0xf6, 0xea, 0xff,
    0xff, 0xf6, 0xea, 0xff, 0xff, 0xf6, 0xea, 0xff, 0xff, 0xf6, 0xea, 0xff,
    0xff, 0xf6, 0xea, 0xff, 0xff, 0xf6, 0xea, 0xff, 0xff, 0xf6, 0xea, 0xff,
    0xff, 0xf6, 0xea, 0xff, 0xff, 0xf6, 0xea, 0xff, 0xff, 0xf6, 0xea, 0xff,
    0xff, 0xf6, 0xea, 0xff, 0xfe, 0xe7, 0xcd, 0xff, 0xfd, 0xdb, 0xb5, 0xff,
    0xfd, 0xdb, 0xb5, 0xff, 0xfd, 0xdb, 0xb5, 0xff, 0xfd, 0xdb, 0xb5, 0xff,
    0xfd, 0xdb, 0xb5, 0xff, 0xfb, 0xae, 0x4e, 0xff, 0xf9, 0x96, 0x1c, 0xff,
    0xf9, 0x96, 0x1c, 0xff, 0xfa, 0x98, 0x20, 0xff, 0xfc, 0xb9, 0x64, 0xfe,
    0xfc, 0xb9, 0x64, 0xff, 0xfc, 0xb9, 0x64, 0xff, 0xfc, 0xc1, 0x76, 0xff,
    0xff, 0xf6, 0xea, 0xff, 0xff, 0xf6, 0xea, 0xff, 0xff, 0xf6, 0xea, 0xff,
    0xff, 0xf6, 0xea, 0xff, 0xff, 0xf6, 0xea, 0xff, 0xff, 0xf6, 0xea, 0xff,
    0xff, 0xf6, 0xea, 0xff, 0xff, 0xf6, 0xea, 0xff, 0xff, 0xf6, 0xea, 0xff,
    0xff, 0xf6, 0xea, 0xff, 0xff, 0xf6, 0xea, 0xff, 0xff, 0xf6, 0xea, 0xff,
    0xff, 0xf6, 0xea, 0xff, 0xff, 0xf6, 0xea, 0xff, 0xff, 0xf6, 0xea, 0xff,
    0xff, 0xf6, 0xea, 0xff, 0xff, 0xf6, 0xea, 0xff, 0xff, 0xf6, 0xea, 0xff,
    0xff, 0xf6, 0xea, 0xff, 0xff, 0xf6, 0xea, 0xff, 0xff, 0xf6, 0xea, 0xff,
    0xff, 0xf6, 0xea, 0xff, 0xff, 0xf6, 0xea, 0xff, 0xff, 0xf6, 0xea, 0xff,
    0xff, 0xf6, 0xea, 0xff, 0xff, 0xf6, 0xea, 0xff, 0xff, 0xf6, 0xea, 0xff,
    0xff, 0xf6, 0xea, 0xff, 0xff, 0xf6, 0xea, 0xff, 0xff, 0xf6, 0xea, 0xff,
    0xff, 0xf6, 0xea, 0xff, 0xff, 0xf6, 0xea, 0xff, 0xff, 0xf6, 0xea, 0xff,
    0xff, 0xf6, 0xea, 0xff, 0xff, 0xf6, 0xea, 0xff, 0xff, 0xf6, 0xea, 0xff,
    0xff, 0xf6, 0xea, 0xff, 0xff, 0xf6, 0xea, 0xff, 0xff, 0xf6, 0xea, 0xff,
    0xff, 0xf6, 0xea, 0xff, 0xff, 0xf6, 0xea, 0xff, 0xff, 0xf6, 0xea, 0xff,
    0xff, 0xf6, 0xea, 0xff, 0xff, 0xf6, 0xea, 0xff, 0xff, 0xf6, 0xea, 0xff,
    0xff, 0xf6, 0xea, 0xff, 0xff, 0xf6, 0xea, 0xff, 0xff, 0xf6, 0xea, 0xff,
    0xff, 0xf6, 0xea, 0xff, 0xff, 0xf6, 0xea, 0xff, 0xfe, 0xe7, 0xcd, 0xff,
    0xfd, 0xdb, 0xb5, 0xff, 0xfd, 0xdb, 0xb5, 0xff, 0xfd, 0xdb, 0xb5, 0xff,
    0xfd, 0xdb, 0xb5, 0xff, 0xfd, 0xdb, 0xb5, 0xff, 0xfb, 0xae, 0x4e, 0xff,
    0xf9, 0x96, 0x1c, 0xff, 0xf9, 0x96, 0x1c, 0xff, 0xfa, 0x98, 0x20, 0xff,
    0xfc, 0xb9, 0x64, 0xf6, 0xfc, 0xb9, 0x64, 0xff, 0xfc, 0xb9, 0x64, 0xff,
    0xfc, 0xbf, 0x71, 0xff, 0xff, 0xf6, 0xea, 0xff, 0xff, 0xf6, 0xea, 0xff,
    0xff, 0xf6, 0xea, 0xff, 0xff, 0xf6, 0xea, 0xff, 0xff, 0xf6, 0xea, 0xff,
    0xff, 0xf6, 0xea, 0xff, 0xff, 0xf6, 0xea, 0xff, 0xff, 0xf6, 0xea, 0xff,
    0xff, 0xf6, 0xea, 0xff, 0xff, 0xf6, 0xea, 0xff, 0xff, 0xf6, 0xea, 0xff,
    0xff, 0xf6, 0xea, 0xff, 0xff, 0xf6, 0xea, 0xff, 0xff, 0xf6, 0xea, 0xff,
    0xff, 0xf6, 0xea, 0xff, 0xff, 0xf6, 0xea, 0xff, 0xff, 0xf6, 0xea, 0xff,
    0xff, 0xf6, 0xea, 0xff, 0xff, 0xf1, 0xdf, 0xff, 0xff, 0xe9, 0xce, 0xff,
    0xfe, 0xed, 0xd7, 0xff, 0xff, 0xf5, 0xe8, 0xff, 0xff, 0xf6, 0xea, 0xff,
    0xff, 0xf6, 0xea, 0xff, 0xff, 0xf6, 0xea, 0xff, 0xff, 0xf6, 0xea, 0xff,
    0xff, 0xf6, 0xea, 0xff, 0xff, 0xf6, 0xea, 0xff, 0xff, 0xf6, 0xea, 0xff,
    0xff, 0xf6, 0xea, 0xff, 0xff, 0xf6, 0xea, 0xff, 0xff, 0xf6, 0xea, 0xff,
    0xff, 0xf6, 0xea, 0xff, 0xff, 0xf6, 0xea, 0xff, 0xff, 0xf6, 0xea, 0xff,
    0xff, 0xf6, 0xea, 0xff, 0xff, 0xf6, 0xea, 0xff, 0xff, 0xf6, 0xea, 0xff,
    0xff, 0xf6, 0xea, 0xff, 0xff, 0xf6, 0xea, 0xff, 0xff, 0xf6, 0xea, 0xff,
    0xff, 0xf6, 0xea, 0xff, 0xff, 0xf6, 0xea, 0xff, 0xff, 0xf6, 0xea, 0xff,
    0xff, 0xf6, 0xea, 0xff, 0xff, 0xf6, 0xea, 0xff, 0xff, 0xf6, 0xea, 0xff,
    0xff, 0xf6, 0xea, 0xff, 0xff, 0xf6, 0xea, 0xff, 0xff, 0xf6, 0xea, 0xff,
    0xfe, 0xe5, 0xc8, 0xff, 0xfd, 0xdb, 0xb5, 0xff, 0xfd, 0xdb, 0xb5, 0xff,
    0xfd, 0xdb, 0xb5, 0xff, 0xfd, 0xdb, 0xb5, 0xff, 0xfd, 0xdb, 0xb5, 0xff,
    0xf9, 0xa2, 0x36, 0xff, 0xf9, 0x96, 0x1c, 0xff, 0xf9, 0x96, 0x1c, 0xff,
    0xfa, 0x9c, 0x28, 0xfd, 0xfc, 0xb9, 0x64, 0xe6, 0xfc, 0xb9, 0x64, 0xff,
    0xfc, 0xb9, 0x64, 0xff, 0xfc, 0xbb, 0x67, 0xff, 0xff, 0xf6, 0xea, 0xff,
    0xff, 0xf6, 0xea, 0xff, 0xff, 0xf6, 0xea, 0xff, 0xff, 0xf6, 0xea, 0xff,
    0xff, 0xf6, 0xea, 0xff, 0xff, 0xf6, 0xea, 0xff, 0xff, 0xf6, 0xea, 0xff,
    0xff, 0xf6, 0xea, 0xff, 0xff, 0xf6, 0xea, 0xff, 0xff, 0xf6, 0xea, 0xff,
    0xff, 0xf6, 0xea, 0xff, 0xff, 0xf6, 0xea, 0xff, 0xff, 0xf6, 0xea, 0xff,
    0xff, 0xf6, 0xea, 0xff, 0xff, 0xf6, 0xea, 0xff, 0xfe, 0xe7, 0xc9, 0xff,
    0xfc, 0xc7, 0x83, 0xff, 0xfc, 0xbe, 0x70, 0xff, 0xfc, 0xb9, 0x64, 0xff,
    0xfc, 0xb9, 0x64, 0xff, 0xfc, 0xb9, 0x64, 0xff, 0xfc, 0xba, 0x67, 0xff,
    0xfd, 0xc3, 0x7b, 0xff, 0xfd, 0xd4, 0xa0, 0xff, 0xff, 0xf6, 0xea, 0xff,
    0xff, 0xf6, 0xea, 0xff, 0xff, 0xf6, 0xea, 0xff, 0xff, 0xf6, 0xea, 0xff,
    0xff, 0xf6, 0xea, 0xff, 0xff, 0xf6, 0xea, 0xff, 0xff, 0xf6, 0xea, 0xff,
    0xff, 0xf6, 0xea, 0xff, 0xff, 0xf6, 0xea, 0xff, 0xff, 0xf6, 0xea, 0xff,
    0xff, 0xf6, 0xea, 0xff, 0xff, 0xf6, 0xea, 0xff, 0xff, 0xf6, 0xea, 0xff,
    0xff, 0xf6, 0xea, 0xff, 0xff, 0xf6, 0xea, 0xff, 0xff, 0xf6, 0xea, 0xff,
    0xff, 0xf6, 0xea, 0xff, 0xff, 0xf6, 0xea, 0xff, 0xff, 0xf6, 0xea, 0xff,
    0xff, 0xf6, 0xea, 0xff, 0xff, 0xf6, 0xea, 0xff, 0xff, 0xf6, 0xea, 0xff,
    0xff, 0xf6, 0xea, 0xff, 0xff, 0xf6, 0xea, 0xff, 0xff, 0xf6, 0xea, 0xff,
    0xff, 0xf6, 0xea, 0xff, 0xfe, 0xe3, 0xc4, 0xff, 0xfd, 0xdb, 0xb5, 0xff,
    0xfd, 0xdb, 0xb5, 0xff, 0xfd, 0xdb, 0xb5, 0xff, 0xfd, 0xdb, 0xb5, 0xff,
    0xfd, 0xdd, 0xba, 0xff, 0xf9, 0x99, 0x21, 0xff, 0xf9, 0x96, 0x1c, 0xff,
    0xf9, 0x96, 0x1c, 0xff, 0xfa, 0x9f, 0x2f, 0xf8, 0xfb, 0xb8, 0x64, 0xce,
    0xfc, 0xb9, 0x64, 0xff, 0xfc, 0xb9, 0x64, 0xff, 0xfc, 0xb9, 0x64, 0xff,
    0xff, 0xf1, 0xdf, 0xff, 0xff, 0xf6, 0xea, 0xff, 0xff, 0xf6, 0xea, 0xff,
    0xff, 0xf6, 0xea, 0xff, 0xff, 0xf6, 0xea, 0xff, 0xff, 0xf6, 0xea, 0xff,
    0xff, 0xf6, 0xea, 0xff, 0xff, 0xf6, 0xea, 0xff, 0xff, 0xf6, 0xea, 0xff,
    0xff, 0xf6, 0xea, 0xff, 0xff, 0xf6, 0xea, 0xff, 0xff, 0xf6, 0xea, 0xff,
    0xff, 0xf6, 0xea, 0xff, 0xff, 0xf6, 0xea, 0xff, 0xfd, 0xdf, 0xb8, 0xff,
    0xfc, 0xb9, 0x64, 0xff, 0xfc, 0xb9, 0x64, 0xff, 0xfc, 0xb9, 0x64, 0xff,
    0xfc, 0xb9, 0x64, 0xff, 0xfc, 0xb9, 0x64, 0xff, 0xfc, 0xb9, 0x64, 0xff,
    0xfc, 0xb9, 0x64, 0xff, 0xfc, 0xb9, 0x64, 0xff, 0xfc, 0xb9, 0x64, 0xff,
    0xfd, 0xc7, 0x82, 0xff, 0xff, 0xf6, 0xea, 0xff, 0xff, 0xf6, 0xea, 0xff,
    0xff, 0xf6, 0xea, 0xff, 0xff, 0xf6, 0xea, 0xff, 0xff, 0xf6, 0xea, 0xff,
    0xff, 0xf6, 0xea, 0xff, 0xff, 0xf6, 0xea, 0xff, 0xff, 0xf6, 0xea, 0xff,
    0xff, 0xf6, 0xea, 0xff, 0xff, 0xf6, 0xea, 0xff, 0xff, 0xf6, 0xea, 0xff,
    0xff, 0xf6, 0xea, 0xff, 0xff, 0xf6, 0xea, 0xff, 0xff, 0xf6, 0xea, 0xff,
    0xff, 0xf6, 0xea, 0xff, 0xff, 0xf6, 0xea, 0xff, 0xff, 0xf6, 0xea, 0xff,
    0xff, 0xf6, 0xea, 0xff, 0xff, 0xf6, 0xea, 0xff, 0xff, 0xf6, 0xea, 0xff,
    0xff, 0xf6, 0xea, 0xff, 0xff, 0xf6, 0xea, 0xff, 0xff, 0xf6, 0xea, 0xff,
    0xff, 0xf6, 0xea, 0xff, 0xff, 0xf6, 0xea, 0xff, 0xfd, 0xdf, 0xbe, 0xff,
    0xfd, 0xdb, 0xb5, 0xff, 0xfd, 0xdb, 0xb5, 0xff, 0xfd, 0xdb, 0xb5, 0xff,
    0xfd, 0xdb, 0xb5, 0xff, 0xfd, 0xdf, 0xbd, 0xff, 0xf9, 0x96, 0x1c, 0xff,
    0xf9, 0x96, 0x1c, 0xff, 0xf9, 0x96, 0x1c, 0xff, 0xfa, 0xa2, 0x36, 0xeb,
    0xfc, 0xba, 0x64, 0xad, 0xfc, 0xb9, 0x64, 0xff, 0xfc, 0xb9, 0x64, 0xff,
    0xfc, 0xb9, 0x64, 0xff, 0xfe, 0xe8, 0xcb, 0xff, 0xff, 0xf6, 0xea, 0xff,
    0xff, 0xf6, 0xea, 0xff, 0xff, 0xf6, 0xea, 0xff, 0xff, 0xf6, 0xea, 0xff,
    0xff, 0xf6, 0xea, 0xff, 0xff, 0xf6, 0xea, 0xff, 0xff, 0xf6, 0xea, 0xff,
    0xff, 0xf6, 0xea, 0xff, 0xff, 0xf6, 0xea, 0xff, 0xff, 0xf6, 0xea, 0xff,
    0xff, 0xf6, 0xea, 0xff, 0xff, 0xf6, 0xea, 0xff, 0xfd, 0xca, 0x88, 0xff,
    0xfc, 0xb9, 0x64, 0xff, 0xfc, 0xb9, 0x64, 0xff, 0xfc, 0xb9, 0x64, 0xff,
    0xfc, 0xb9, 0x64, 0xff, 0xfc, 0xb9, 0x64, 0xff, 0xfc, 0xb9, 0x64, 0xff,
    0xfc, 0xb9, 0x64, 0xff, 0xfc, 0xb9, 0x64, 0xff, 0xfc, 0xb9, 0x64, 0xff,
    0xfc, 0xb9, 0x64, 0xff, 0xfc, 0xb9, 0x64, 0xff, 0xfc, 0xb9, 0x64, 0xff,
    0xff, 0xf6, 0xea, 0xff, 0xff, 0xf6, 0xea, 0xff, 0xff, 0xf6, 0xea, 0xff,
    0xff, 0xf6, 0xea, 0xff, 0xff, 0xf6, 0xea, 0xff, 0xff, 0xf6, 0xea, 0xff,
    0xff, 0xf6, 0xea, 0xff, 0xff, 0xf6, 0xea, 0xff, 0xff, 0xf6, 0xea, 0xff,
    0xff, 0xf6, 0xea, 0xff, 0xff, 0xf6, 0xea, 0xff, 0xff, 0xf6, 0xea, 0xff,
    0xff, 0xf6, 0xea, 0xff, 0xff, 0xf6, 0xea, 0xff, 0xff, 0xf6, 0xea, 0xff,
    0xff, 0xf6, 0xea, 0xff, 0xff, 0xf6, 0xea, 0xff, 0xff, 0xf6, 0xea, 0xff,
    0xff, 0xf6, 0xea, 0xff, 0xff, 0xf6, 0xea, 0xff, 0xff, 0xf6, 0xea, 0xff,
    0xff, 0xf6, 0xea, 0xff, 0xff, 0xf6, 0xea, 0xff, 0xff, 0xf6, 0xea, 0xff,
    0xfd, 0xdd, 0xba, 0xff, 0xfd, 0xdb, 0xb5, 0xff, 0xfd, 0xdb, 0xb5, 0xff,
    0xfd, 0xdb, 0xb5, 0xff, 0xfd, 0xdb, 0xb5, 0xff, 0xfe, 0xdd, 0xb7, 0xff,
    0xf9, 0x96, 0x1c, 0xff, 0xf9, 0x96, 0x1c, 0xff, 0xf9, 0x96, 0x1c, 0xff,
    0xfa, 0xa4, 0x39, 0xd5, 0xfd, 0xba, 0x64, 0x85, 0xfc, 0xb9, 0x64, 0xff,
    0xfc, 0xb9, 0x64, 0xff, 0xfc, 0xb9, 0x64, 0xff, 0xfe, 0xdd, 0xb4, 0xff,
    0xff, 0xf6, 0xea, 0xff, 0xff, 0xf6, 0xea, 0xff, 0xff, 0xf6, 0xea, 0xff,
    0xff, 0xf6, 0xea, 0xff, 0xff, 0xf6, 0xea, 0xff, 0xff, 0xf6, 0xea, 0xff,
    0xff, 0xf6, 0xea, 0xff, 0xff, 0xf6, 0xea, 0xff, 0xff, 0xf6, 0xea, 0xff,
    0xff, 0xf6, 0xea, 0xff, 0xff, 0xf6, 0xea, 0xff, 0xfd, 0xd6, 0xa3, 0xff,
    0xfc, 0xb9, 0x64, 0xff, 0xfc, 0xb9, 0x64, 0xff, 0xfc, 0xb9, 0x64, 0xff,
    0xfc, 0xb9, 0x64, 0xff, 0xfc, 0xb9, 0x64, 0xff, 0xfd, 0xc5, 0x7f, 0xff,
    0xfd, 0xd3, 0x9d, 0xff, 0xfd, 0xcc, 0x8e, 0xff, 0xfc, 0xbc, 0x6d, 0xff,
    0xfc, 0xb9, 0x64, 0xff, 0xfc, 0xb9, 0x64, 0xff, 0xfc, 0xb9, 0x64, 0xff,
    0xfc, 0xb9, 0x64, 0xff, 0xfd, 0xcd, 0x8e, 0xff, 0xff, 0xf6, 0xea, 0xff,
    0xff, 0xf6, 0xea, 0xff, 0xff, 0xf6, 0xea, 0xff, 0xff, 0xf6, 0xea, 0xff,
    0xff, 0xf6, 0xea, 0xff, 0xff, 0xf6, 0xea, 0xff, 0xff, 0xf6, 0xea, 0xff,
    0xff, 0xf6, 0xea, 0xff, 0xff, 0xf6, 0xea, 0xff, 0xff, 0xf6, 0xea, 0xff,
    0xff, 0xf6, 0xea, 0xff, 0xff, 0xf6, 0xea, 0xff, 0xff, 0xf6, 0xea, 0xff,
    0xff, 0xf6, 0xea, 0xff, 0xff, 0xf6, 0xea, 0xff, 0xff, 0xf6, 0xea, 0xff,
    0xff, 0xf6, 0xea, 0xff, 0xff, 0xf6, 0xea, 0xff, 0xff, 0xf6, 0xea, 0xff,
    0xff, 0xf6, 0xea, 0xff, 0xff, 0xf6, 0xea, 0xff, 0xff, 0xf6, 0xea, 0xff,
    0xff, 0xf6, 0xea, 0xff, 0xfd, 0xdb, 0xb5, 0xff, 0xfd, 0xdb, 0xb5, 0xff,
    0xfd, 0xdb, 0xb5, 0xff, 0xfd, 0xdb, 0xb5, 0xff, 0xfd, 0xdb, 0xb5, 0xff,
    0xfc, 0xd4, 0xa5, 0xff, 0xf9, 0x96, 0x1c, 0xff, 0xf9, 0x96, 0x1c, 0xff,
    0xf9, 0x96, 0x1c, 0xff, 0xfc, 0xa9, 0x3e, 0xb1, 0xfc, 0xb8, 0x65, 0x56,
    0xfc, 0xb9, 0x64, 0xff, 0xfc, 0xb9, 0x64, 0xff, 0xfc, 0xb9, 0x64, 0xff,
    0xfd, 0xd0, 0x97, 0xff, 0xff, 0xf6, 0xea, 0xff, 0xff, 0xf6, 0xea, 0xff,
    0xff, 0xf6, 0xea, 0xff, 0xff, 0xf6, 0xea, 0xff, 0xff, 0xf6, 0xea, 0xff,
    0xff, 0xf6, 0xea, 0xff, 0xff, 0xf6, 0xea, 0xff, 0xff, 0xf6, 0xea, 0xff,
    0xff, 0xf6, 0xea, 0xff, 0xff, 0xf6, 0xea, 0xff, 0xfe, 0xe6, 0xc7, 0xff,
    0xfc, 0xb9, 0x64, 0xff, 0xfc, 0xb9, 0x64, 0xff, 0xfc, 0xb9, 0x64, 0xff,
    0xfc, 0xb9, 0x64, 0xff, 0xfc, 0xc3, 0x79, 0xff, 0xfe, 0xe8, 0xcc, 0xff,
    0xff, 0xf6, 0xea, 0xff, 0xff, 0xf6, 0xea, 0xff, 0xff, 0xf6, 0xea, 0xff,
    0xff, 0xed, 0xd6, 0xff, 0xfd, 0xc9, 0x86, 0xff, 0xfc, 0xb9, 0x64, 0xff,
    0xfc, 0xb9, 0x64, 0xff, 0xfc, 0xb9, 0x64, 0xff, 0xfc, 0xb9, 0x64, 0xff,
    0xfe, 0xd6, 0xa3, 0xff, 0xff, 0xf6, 0xea, 0xff, 0xff, 0xf6, 0xea, 0xff,
    0xff, 0xf6, 0xea, 0xff, 0xff, 0xf6, 0xea, 0xff, 0xff, 0xf6, 0xea, 0xff,
    0xff, 0xf6, 0xea, 0xff, 0xff, 0xf6, 0xea, 0xff, 0xff, 0xf6, 0xea, 0xff,
    0xff, 0xf6, 0xea, 0xff, 0xff, 0xf6, 0xea, 0xff, 0xff, 0xf6, 0xea, 0xff,
    0xff, 0xf6, 0xea, 0xff, 0xff, 0xf6, 0xea, 0xff, 0xff, 0xf6, 0xea, 0xff,
    0xff, 0xf6, 0xea, 0xff, 0xff, 0xf6, 0xea, 0xff, 0xff, 0xf6, 0xea, 0xff,
    0xff, 0xf6, 0xea, 0xff, 0xff, 0xf6, 0xea, 0xff, 0xff, 0xf6, 0xea, 0xff,
    0xff, 0xf6, 0xea, 0xff, 0xff, 0xed, 0xd7, 0xff, 0xfd, 0xdb, 0xb5, 0xff,
    0xfd, 0xdb, 0xb5, 0xff, 0xfd, 0xdb, 0xb5, 0xff, 0xfd, 0xdb, 0xb5, 0xff,
    0xfd, 0xdb, 0xb5, 0xff, 0xfc, 0xc1, 0x79, 0xff, 0xf9, 0x96, 0x1c, 0xff,
    0xf9, 0x96, 0x1c, 0xff, 0xf9, 0x96, 0x1c, 0xff, 0xfb, 0xa5, 0x40, 0x80,
    0xff, 0xbb, 0x66, 0x1e, 0xfc, 0xb9, 0x64, 0xff, 0xfc, 0xb9, 0x64, 0xff,
    0xfc, 0xb9, 0x64, 0xff, 0xfc, 0xc1, 0x76, 0xff, 0xff, 0xf6, 0xea, 0xff,
    0xff, 0xf6, 0xea, 0xff, 0xff, 0xf6, 0xea, 0xff, 0xff, 0xf6, 0xea, 0xff,
    0xff, 0xf6, 0xea, 0xff, 0xff, 0xf6, 0xea, 0xff, 0xff, 0xf6, 0xea, 0xff,
    0xff, 0xf6, 0xea, 0xff, 0xff, 0xf6, 0xea, 0xff, 0xff, 0xf6, 0xea, 0xff,
    0xfd, 0xca, 0x89, 0xff, 0xfc, 0xb9, 0x64, 0xff, 0xfc, 0xb9, 0x64, 0xff,
    0xfc, 0xb9, 0x64, 0xff, 0xfc, 0xbe, 0x6f, 0xff, 0xff, 0xf6, 0xea, 0xff,
    0xff, 0xf6, 0xea, 0xff, 0xff, 0xf6, 0xea, 0xff, 0xff, 0xf6, 0xea, 0xff,
    0xff, 0xf6, 0xea, 0xff, 0xff, 0xf6, 0xea, 0xff, 0xff, 0xf6, 0xea, 0xff,
    0xfd, 0xd2, 0x9c, 0xff, 0xfc, 0xb9, 0x64, 0xff, 0xfc, 0xb9, 0x64, 0xff,
    0xfc, 0xb9, 0x64, 0xff, 0xfc, 0xb9, 0x64, 0xff, 0xfe, 0xe2, 0xbd, 0xff,
    0xff, 0xf6, 0xea, 0xff, 0xff, 0xf6, 0xea, 0xff, 0xff, 0xf6, 0xea, 0xff,
    0xff, 0xf6, 0xea, 0xff, 0xff, 0xf6, 0xea, 0xff, 0xff, 0xf6, 0xea, 0xff,
    0xff, 0xf6, 0xea, 0xff, 0xff, 0xf6, 0xea, 0xff, 0xff, 0xf6, 0xea, 0xff,
    0xff, 0xf6, 0xea, 0xff, 0xff, 0xf6, 0xea, 0xff, 0xff, 0xf6, 0xea, 0xff,
    0xff, 0xf6, 0xea, 0xff, 0xff, 0xf6, 0xea, 0xff, 0xff, 0xf6, 0xea, 0xff,
    0xff, 0xf6, 0xea, 0xff, 0xff, 0xf6, 0xea, 0xff, 0xff, 0xf6, 0xea, 0xff,
    0xff, 0xf6, 0xea, 0xff, 0xff, 0xf6, 0xea, 0xff, 0xfe, 0xe3, 0xc5, 0xff,
    0xfd, 0xdb, 0xb5, 0xff, 0xfd, 0xdb, 0xb5, 0xff, 0xfd, 0xdb, 0xb5, 0xff,
    0xfd, 0xdb, 0xb5, 0xff, 0xfe, 0xde, 0xbb, 0xff, 0xfa, 0xa3, 0x37, 0xff,
    0xf9, 0x96, 0x1c, 0xff, 0xf9, 0x96, 0x1c, 0xff, 0xf9, 0x98, 0x1f, 0xff,
    0xff, 0xbb, 0x66, 0x1e, 0x00, 0x00, 0x00, 0x00, 0xfb, 0xb9, 0x64, 0xd6,
    0xfc, 0xb9, 0x64, 0xff, 0xfc, 0xb9, 0x64, 0xff, 0xfc, 0xb9, 0x64, 0xff,
    0xfe, 0xeb, 0xd0, 0xff, 0xff, 0xf6, 0xea, 0xff, 0xff, 0xf6, 0xea, 0xff,
    0xff, 0xf6, 0xea, 0xff, 0xff, 0xf6, 0xea, 0xff, 0xff, 0xf6, 0xea, 0xff,
    0xff, 0xf6, 0xea, 0xff, 0xff, 0xf6, 0xea, 0xff, 0xff, 0xf6, 0xea, 0xff,
    0xfe, 0xde, 0xb3, 0xff, 0xfc, 0xb9, 0x64, 0xff, 0xfc, 0xb9, 0x64, 0xff,
    0xfc, 0xb9, 0x64, 0xff, 0xfc, 0xb9, 0x64, 0xff, 0xfe, 0xec, 0xd3, 0xff,
    0xff, 0xf6, 0xea, 0xff, 0xff, 0xf6, 0xea, 0xff, 0xff, 0xf6, 0xea, 0xff,
    0xff, 0xf6, 0xea, 0xff, 0xff, 0xf6, 0xea, 0xff, 0xff, 0xf6, 0xea, 0xff,
    0xff, 0xf6, 0xea, 0xff, 0xff, 0xf6, 0xea, 0xff, 0xfd, 0xbf, 0x71, 0xff,
    0xfc, 0xb9, 0x64, 0xff, 0xfc, 0xb9, 0x64, 0xff, 0xfc, 0xb9, 0x64, 0xff,
    0xfc, 0xc5, 0x80, 0xff, 0xff, 0xf5, 0xe8, 0xff, 0xff, 0xf6, 0xea, 0xff,
    0xff, 0xf6, 0xea, 0xff, 0xff, 0xf6, 0xea, 0xff, 0xff, 0xf6, 0xea, 0xff,
    0xff, 0xf6, 0xea, 0xff, 0xff, 0xf6, 0xea, 0xff, 0xff, 0xf6, 0xea, 0xff,
    0xff, 0xf6, 0xea, 0xff, 0xff, 0xf6, 0xea, 0xff, 0xff, 0xf6, 0xea, 0xff,
    0xff, 0xf6, 0xea, 0xff, 0xff, 0xf6, 0xea, 0xff, 0xff, 0xf6, 0xea, 0xff,
    0xfd, 0xee, 0xda, 0xff, 0xfc, 0xd1, 0x9d, 0xff, 0xff, 0xed, 0xd9, 0xff,
    0xff, 0xf6, 0xea, 0xff, 0xff, 0xf6, 0xea, 0xff, 0xff, 0xf4, 0xe7, 0xff,
    0xfd, 0xdc, 0xb7, 0xff, 0xfd, 0xdb, 0xb5, 0xff, 0xfd, 0xdb, 0xb5, 0xff,
    0xfd, 0xdb, 0xb5, 0xff, 0xfd, 0xdb, 0xb5, 0xff, 0xfe, 0xde, 0xbb, 0xff,
    0xf9, 0x96, 0x1c, 0xff, 0xf9, 0x96, 0x1c, 0xff, 0xf9, 0x96, 0x1c, 0xff,
    0xfa, 0xa0, 0x33, 0xf0, 0x00, 0x00, 0x00, 0x00, 0x00, 0x00, 0x00, 0x00,
    0xfd, 0xba, 0x63, 0x8d, 0xfc, 0xb9, 0x64, 0xff, 0xfc, 0xb9, 0x64, 0xff,
    0xfc, 0xb9, 0x64, 0xff, 0xfd, 0xd6, 0xa5, 0xff, 0xff, 0xf6, 0xea, 0xff,
    0xff, 0xf6, 0xea, 0xff, 0xff, 0xf6, 0xea, 0xff, 0xff, 0xf6, 0xea, 0xff,
    0xff, 0xf6, 0xea, 0xff, 0xff, 0xf6, 0xea, 0xff, 0xff, 0xf6, 0xea, 0xff,
    0xfe, 0xf1, 0xdf, 0xff, 0xfc, 0xc2, 0x77, 0xff, 0xfc, 0xb9, 0x64, 0xff,
    0xfc, 0xb9, 0x64, 0xff, 0xfc, 0xb9, 0x64, 0xff, 0xfd, 0xd1, 0x9a, 0xff,
    0xff, 0xf6, 0xea, 0xff, 0xff, 0xf6, 0xea, 0xff, 0xff, 0xf6, 0xea, 0xff,
    0xff, 0xf6, 0xea, 0xff, 0xff, 0xf6, 0xea, 0xff, 0xff, 0xf6, 0xea, 0xff,
    0xff, 0xf6, 0xea, 0xff, 0xff, 0xf6, 0xea, 0xff, 0xff, 0xf6, 0xea, 0xff,
    0xff, 0xe9, 0xcd, 0xff, 0xfc, 0xb9, 0x64, 0xff, 0xfc, 0xb9, 0x64, 0xff,
    0xfc, 0xb9, 0x64, 0xff, 0xfc, 0xb9, 0x64, 0xff, 0xfe, 0xda, 0xac, 0xff,
    0xff, 0xf6, 0xea, 0xff, 0xff, 0xf6, 0xea, 0xff, 0xff, 0xf6, 0xea, 0xff,
    0xff, 0xf6, 0xea, 0xff, 0xff, 0xf6, 0xea, 0xff, 0xff, 0xf6, 0xea, 0xff,
    0xff, 0xf6, 0xea, 0xff, 0xff, 0xf6, 0xea, 0xff, 0xff, 0xf6, 0xea, 0xff,
    0xff, 0xf6, 0xea, 0xff, 0xff, 0xf6, 0xea, 0xff, 0xff, 0xf6, 0xea, 0xff,
    0xff, 0xf6, 0xea, 0xff, 0xfb, 0xa1, 0x32, 0xff, 0xf9, 0x96, 0x1c, 0xff,
    0xfa, 0x98, 0x20, 0xff, 0xfe, 0xde, 0xb6, 0xff, 0xff, 0xf6, 0xea, 0xff,
    0xfe, 0xec, 0xd6, 0xff, 0xfd, 0xdb, 0xb5, 0xff, 0xfd, 0xdb, 0xb5, 0xff,
    0xfd, 0xdb, 0xb5, 0xff, 0xfd, 0xdb, 0xb5, 0xff, 0xfd, 0xdb, 0xb5, 0xff,
    0xfc, 0xcc, 0x93, 0xff, 0xf9, 0x96, 0x1c, 0xff, 0xf9, 0x96, 0x1c, 0xff,
    0xf9, 0x96, 0x1c, 0xff, 0xfb, 0xa8, 0x3f, 0xb6, 0x00, 0x00, 0x00, 0x00,
    0x00, 0x00, 0x00, 0x00, 0xfb, 0xb9, 0x63, 0x3e, 0xfc, 0xb9, 0x64, 0xff,
    0xfc, 0xb9, 0x64, 0xff, 0xfc, 0xb9, 0x64, 0xff, 0xfc, 0xc1, 0x76, 0xff,
    0xff, 0xf6, 0xea, 0xff, 0xff, 0xf6, 0xea, 0xff, 0xff, 0xf6, 0xea, 0xff,
    0xff, 0xf6, 0xea, 0xff, 0xff, 0xf6, 0xea, 0xff, 0xff, 0xf6, 0xea, 0xff,
    0xff, 0xf6, 0xea, 0xff, 0xfd, 0xcd, 0x91, 0xff, 0xfc, 0xb9, 0x64, 0xff,
    0xfc, 0xb9, 0x64, 0xff, 0xfc, 0xb9, 0x64, 0xff, 0xfd, 0xc5, 0x80, 0xff,
    0xff, 0xf6, 0xea, 0xff, 0xff, 0xf6, 0xea, 0xff, 0xff, 0xf6, 0xea, 0xff,
    0xff, 0xf6, 0xea, 0xff, 0xff, 0xf6, 0xea, 0xff, 0xff, 0xf6, 0xea, 0xff,
    0xff, 0xf6, 0xea, 0xff, 0xff, 0xf6, 0xea, 0xff, 0xff, 0xf6, 0xea, 0xff,
    0xff, 0xf6, 0xea, 0xff, 0xff, 0xf6, 0xea, 0xff, 0xfe, 0xd7, 0xa6, 0xff,
    0xfc, 0xb9, 0x64, 0xff, 0xfc, 0xb9, 0x64, 0xff, 0xfc, 0xb9, 0x64, 0xff,
    0xfc, 0xbd, 0x6b, 0xff, 0xfe, 0xe9, 0xcd, 0xff, 0xff, 0xf6, 0xea, 0xff,
    0xff, 0xf6, 0xea, 0xff, 0xff, 0xf6, 0xea, 0xff, 0xff, 0xf6, 0xea, 0xff,
    0xff, 0xf6, 0xea, 0xff, 0xff, 0xf6, 0xea, 0xff, 0xff, 0xf6, 0xea, 0xff,
    0xff, 0xf6, 0xea, 0xff, 0xff, 0xf6, 0xea, 0xff, 0xff, 0xf6, 0xea, 0xff,
    0xff, 0xf6, 0xea, 0xff, 0xfc, 0xc5, 0x81, 0xff, 0xf9, 0x96, 0x1c, 0xff,
    0xf9, 0x96, 0x1c, 0xff, 0xf9, 0x96, 0x1c, 0xff, 0xfa, 0xa2, 0x37, 0xff,
    0xff, 0xf6, 0xea, 0xff, 0xfe, 0xe5, 0xc8, 0xff, 0xfd, 0xdb, 0xb5, 0xff,
    0xfd, 0xdb, 0xb5, 0xff, 0xfd, 0xdb, 0xb5, 0xff, 0xfd, 0xdb, 0xb5, 0xff,
    0xfd, 0xdb, 0xb5, 0xff, 0xfa, 0xa9, 0x46, 0xff, 0xf9, 0x96, 0x1c, 0xff,
    0xf9, 0x96, 0x1c, 0xff, 0xf9, 0x96, 0x1c, 0xff, 0xf9, 0xad, 0x49, 0x54,
    0x00, 0x00, 0x00, 0x00, 0x00, 0x00, 0x00, 0x00, 0x00, 0x00, 0x00, 0x00,
    0xfb, 0xb9, 0x64, 0xd6, 0xfc, 0xb9, 0x64, 0xff, 0xfc, 0xb9, 0x64, 0xff,
    0xfc, 0xb9, 0x64, 0xff, 0xfe, 0xe1, 0xbd, 0xff, 0xff, 0xf6, 0xea, 0xff,
    0xff, 0xf6, 0xea, 0xff, 0xff, 0xf6, 0xea, 0xff, 0xff, 0xf6, 0xea, 0xff,
    0xff, 0xf6, 0xea, 0xff, 0xff, 0xf6, 0xea, 0xff, 0xfd, 0xcb, 0x8d, 0xff,
    0xfc, 0xb9, 0x64, 0xff, 0xfc, 0xb9, 0x64, 0xff, 0xfc, 0xb9, 0x64, 0xff,
    0xfe, 0xe5, 0xc7, 0xff, 0xff, 0xf6, 0xea, 0xff, 0xff, 0xf6, 0xea, 0xff,
    0xff, 0xf6, 0xea, 0xff, 0xff, 0xf6, 0xea, 0xff, 0xff, 0xf6, 0xea, 0xff,
    0xff, 0xf6, 0xea, 0xff, 0xff, 0xf6, 0xea, 0xff, 0xff, 0xf6, 0xea, 0xff,
    0xff, 0xf6, 0xea, 0xff, 0xff, 0xf6, 0xea, 0xff, 0xff, 0xf6, 0xea, 0xff,
    0xff, 0xf3, 0xe4, 0xff, 0xfd, 0xc5, 0x7e, 0xff, 0xfc, 0xb9, 0x64, 0xff,
    0xfc, 0xb9, 0x64, 0xff, 0xfc, 0xb9, 0x64, 0xff, 0xfd, 0xc9, 0x86, 0xff,
    0xff, 0xf6, 0xea, 0xff, 0xff, 0xf6, 0xea, 0xff, 0xff, 0xf6, 0xea, 0xff,
    0xff, 0xf6, 0xea, 0xff, 0xff, 0xf6, 0xea, 0xff, 0xff, 0xf6, 0xea, 0xff,
    0xff, 0xf6, 0xea, 0xff, 0xff, 0xf6, 0xea, 0xff, 0xff, 0xf6, 0xea, 0xff,
    0xff, 0xf6, 0xea, 0xff, 0xfd, 0xea, 0xd1, 0xff, 0xfa, 0x9d, 0x2a, 0xff,
    0xf9, 0x96, 0x1c, 0xff, 0xf9, 0x96, 0x1c, 0xff, 0xf9, 0x96, 0x1c, 0xff,
    0xfa, 0xb1, 0x56, 0xff, 0xfe, 0xf0, 0xdf, 0xff, 0xfd, 0xdb, 0xb5, 0xff,
    0xfd, 0xdb, 0xb5, 0xff, 0xfd, 0xdb, 0xb5, 0xff, 0xfd, 0xdb, 0xb5, 0xff,
    0xfd, 0xdb, 0xb5, 0xff, 0xfd, 0xd9, 0xae, 0xff, 0xf9, 0x96, 0x1c, 0xff,
    0xf9, 0x96, 0x1c, 0xff, 0xf9, 0x96, 0x1c, 0xff, 0xfa, 0x9e, 0x2c, 0xf5,
    0x00, 0x00, 0x00, 0x00, 0x00, 0x00, 0x00, 0x00, 0x00, 0x00, 0x00, 0x00,
    0x00, 0x00, 0x00, 0x00, 0xfd, 0xb9, 0x64, 0x75, 0xfc, 0xb9, 0x64, 0xff,
    0xfc, 0xb9, 0x64, 0xff, 0xfc, 0xb9, 0x64, 0xff, 0xfd, 0xc8, 0x84, 0xff,
    0xff, 0xf6, 0xea, 0xff, 0xff, 0xf6, 0xea, 0xff, 0xff, 0xf6, 0xea, 0xff,
    0xff, 0xf6, 0xea, 0xff, 0xff, 0xf6, 0xea, 0xff, 0xff, 0xf6, 0xea, 0xff,
    0xff, 0xed, 0xd6, 0xff, 0xfd, 0xd5, 0xa1, 0xff, 0xfd, 0xbf, 0x72, 0xff,
    0xfd, 0xd7, 0xa7, 0xff, 0xff, 0xf6, 0xea, 0xff, 0xff, 0xf6, 0xea, 0xff,
    0xff, 0xf6, 0xea, 0xff, 0xff, 0xf6, 0xea, 0xff, 0xff, 0xf6, 0xea, 0xff,
    0xff, 0xf6, 0xea, 0xff, 0xff, 0xf6, 0xea, 0xff, 0xff, 0xf6, 0xea, 0xff,
    0xff, 0xf6, 0xea, 0xff, 0xff, 0xf6, 0xea, 0xff, 0xff, 0xf6, 0xea, 0xff,
    0xff, 0xf6, 0xea, 0xff, 0xff, 0xf6, 0xea, 0xff, 0xfe, 0xe1, 0xba, 0xff,
    0xfc, 0xb9, 0x64, 0xff, 0xfc, 0xb9, 0x64, 0xff, 0xfc, 0xb9, 0x64, 0xff,
    0xfc, 0xb9, 0x64, 0xff, 0xfe, 0xd6, 0xa2, 0xff, 0xff, 0xf6, 0xea, 0xff,
    0xff, 0xf6, 0xea, 0xff, 0xff, 0xf6, 0xea, 0xff, 0xff, 0xf6, 0xea, 0xff,
    0xff, 0xf6, 0xea, 0xff, 0xff, 0xf6, 0xea, 0xff, 0xff, 0xf6, 0xea, 0xff,
    0xff, 0xf6, 0xea, 0xff, 0xff, 0xf6, 0xea, 0xff, 0xfb, 0xb0, 0x54, 0xff,
    0xf9, 0x96, 0x1c, 0xff, 0xf9, 0x96, 0x1c, 0xff, 0xf9, 0x96, 0x1c, 0xff,
    0xfa, 0xa1, 0x33, 0xff, 0xfe, 0xee, 0xd9, 0xff, 0xfe, 0xe5, 0xc8, 0xff,
    0xfd, 0xdb, 0xb5, 0xff, 0xfd, 0xdb, 0xb5, 0xff, 0xfd, 0xdb, 0xb5, 0xff,
    0xfd, 0xdb, 0xb5, 0xff, 0xfd, 0xdd, 0xb7, 0xff, 0xfb, 0xb5, 0x5e, 0xff,
    0xf9, 0x96, 0x1c, 0xff, 0xf9, 0x96, 0x1c, 0xff, 0xf9, 0x96, 0x1c, 0xff,
    0xfa, 0xa2, 0x33, 0xba, 0x00, 0x00, 0x00, 0x00, 0x00, 0x00, 0x00, 0x00,
    0x00, 0x00, 0x00, 0x00, 0x00, 0x00, 0x00, 0x00, 0xee, 0xbb, 0x66, 0x0f,
    0xfc, 0xb9, 0x64, 0xf6, 0xfc, 0xb9, 0x64, 0xff, 0xfc, 0xb9, 0x64, 0xff,
    0xfc, 0xb9, 0x64, 0xff, 0xfe, 0xe1, 0xbd, 0xff, 0xff, 0xf6, 0xea, 0xff,
    0xff, 0xf6, 0xea, 0xff, 0xff, 0xf6, 0xea, 0xff, 0xff, 0xf6, 0xea, 0xff,
    0xff, 0xf6, 0xea, 0xff, 0xff, 0xf6, 0xea, 0xff, 0xff, 0xf6, 0xea, 0xff,
    0xff, 0xf6, 0xea, 0xff, 0xff, 0xf6, 0xea, 0xff, 0xff, 0xf6, 0xea, 0xff,
    0xff, 0xf6, 0xea, 0xff, 0xff, 0xf6, 0xea, 0xff, 0xff, 0xf6, 0xea, 0xff,
    0xff, 0xf6, 0xea, 0xff, 0xff, 0xf6, 0xea, 0xff, 0xff, 0xf6, 0xea, 0xff,
    0xff, 0xf6, 0xea, 0xff, 0xff, 0xf6, 0xea, 0xff, 0xff, 0xf6, 0xea, 0xff,
    0xff, 0xf6, 0xea, 0xff, 0xff, 0xf6, 0xea, 0xff, 0xff, 0xf6, 0xea, 0xff,
    0xff, 0xf6, 0xea, 0xff, 0xfd, 0xcc, 0x8f, 0xff, 0xfc, 0xb9, 0x64, 0xff,
    0xfc, 0xb9, 0x64, 0xff, 0xfc, 0xb9, 0x64, 0xff, 0xfc, 0xb9, 0x64, 0xff,
    0xff, 0xf3, 0xe3, 0xff, 0xff, 0xf6, 0xea, 0xff, 0xff, 0xf6, 0xea, 0xff,
    0xff, 0xf6, 0xea, 0xff, 0xff, 0xf6, 0xea, 0xff, 0xff, 0xf6, 0xea, 0xff,
    0xff, 0xf6, 0xea, 0xff, 0xff, 0xf6, 0xea, 0xff, 0xfc, 0xcb, 0x8b, 0xff,
    0xf9, 0x96, 0x1c, 0xff, 0xf9, 0x96, 0x1c, 0xff, 0xf9, 0x96, 0x1c, 0xff,
    0xf9, 0x96, 0x1c, 0xff, 0xfc, 0xca, 0x8a, 0xff, 0xff, 0xef, 0xdc, 0xff,
    0xfd, 0xdb, 0xb5, 0xff, 0xfd, 0xdb, 0xb5, 0xff, 0xfd, 0xdb, 0xb5, 0xff,
    0xfd, 0xdb, 0xb5, 0xff, 0xfd, 0xdb, 0xb5, 0xff, 0xfd, 0xd9, 0xad, 0xff,
    0xf9, 0x96, 0x1c, 0xff, 0xf9, 0x96, 0x1c, 0xff, 0xf9, 0x96, 0x1c, 0xff,
    0xf8, 0x9b, 0x26, 0xfe, 0xf7, 0xa7, 0x40, 0x20, 0x00, 0x00, 0x00, 0x00,
    0x00, 0x00, 0x00, 0x00, 0x00, 0x00, 0x00, 0x00, 0x00, 0x00, 0x00, 0x00,
    0x00, 0x00, 0x00, 0x00, 0xfd, 0xba, 0x64, 0x85, 0xfc, 0xb9, 0x64, 0xff,
    0xfc, 0xb9, 0x64, 0xff, 0xfc, 0xb9, 0x64, 0xff, 0xfd, 0xc3, 0x7a, 0xff,
    0xff, 0xf6, 0xea, 0xff, 0xff, 0xf6, 0xea, 0xff, 0xff, 0xf6, 0xea, 0xff,
    0xff, 0xf6, 0xea, 0xff, 0xff, 0xf6, 0xea, 0xff, 0xff, 0xf6, 0xea, 0xff,
    0xff, 0xf6, 0xea, 0xff, 0xff, 0xf6, 0xea, 0xff, 0xff, 0xf6, 0xea, 0xff,
    0xff, 0xf6, 0xea, 0xff, 0xff, 0xf6, 0xea, 0xff, 0xff, 0xf6, 0xea, 0xff,
    0xff, 0xf6, 0xea, 0xff, 0xff, 0xf6, 0xea, 0xff, 0xff, 0xf6, 0xea, 0xff,
    0xff, 0xf6, 0xea, 0xff, 0xff, 0xf6, 0xea, 0xff, 0xff, 0xf6, 0xea, 0xff,
    0xff, 0xf6, 0xea, 0xff, 0xff, 0xf6, 0xea, 0xff, 0xff, 0xf6, 0xea, 0xff,
    0xff, 0xf6, 0xea, 0xff, 0xff, 0xf6, 0xea, 0xff, 0xfe, 0xe8, 0xcc, 0xff,
    0xfc, 0xb9, 0x64, 0xff, 0xfc, 0xb9, 0x64, 0xff, 0xfc, 0xb9, 0x64, 0xff,
    0xfc, 0xb9, 0x64, 0xff, 0xfc, 0xc4, 0x7d, 0xff, 0xff, 0xf6, 0xea, 0xff,
    0xff, 0xf6, 0xea, 0xff, 0xff, 0xf6, 0xea, 0xff, 0xff, 0xf6, 0xea, 0xff,
    0xff, 0xf6, 0xea, 0xff, 0xff, 0xf6, 0xea, 0xff, 0xfe, 0xe7, 0xcb, 0xff,
    0xf9, 0x96, 0x1c, 0xff, 0xf9, 0x96, 0x1c, 0xff, 0xf9, 0x96, 0x1c, 0xff,
    0xf9, 0x96, 0x1c, 0xff, 0xfb, 0xad, 0x4b, 0xff, 0xff, 0xf6, 0xea, 0xff,
    0xfd, 0xe3, 0xc6, 0xff, 0xfd, 0xdb, 0xb5, 0xff, 0xfd, 0xdb, 0xb5, 0xff,
    0xfd, 0xdb, 0xb5, 0xff, 0xfd, 0xdb, 0xb5, 0xff, 0xfd, 0xdd, 0xb9, 0xff,
    0xfb, 0xac, 0x4d, 0xff, 0xf9, 0x96, 0x1c, 0xff, 0xf9, 0x96, 0x1c, 0xff,
    0xf9, 0x96, 0x1c, 0xff, 0xfc, 0xa5, 0x3a, 0xb9, 0x00, 0x00, 0x00, 0x00,
    0x00, 0x00, 0x00, 0x00, 0x00, 0x00, 0x00, 0x00, 0x00, 0x00, 0x00, 0x00,
    0x00, 0x00, 0x00, 0x00, 0x00, 0x00, 0x00, 0x00, 0xee, 0xbb, 0x66, 0x0f,
    0xfc, 0xb8, 0x64, 0xee, 0xfc, 0xb9, 0x64, 0xff, 0xfc, 0xb9, 0x64, 0xff,
    0xfc, 0xb9, 0x64, 0xff, 0xfd, 0xd7, 0xa5, 0xff, 0xff, 0xf6, 0xea, 0xff,
    0xff, 0xf6, 0xea, 0xff, 0xff, 0xf6, 0xea, 0xff, 0xff, 0xf6, 0xea, 0xff,
    0xff, 0xf6, 0xea, 0xff, 0xff, 0xf6, 0xea, 0xff, 0xff, 0xf6, 0xea, 0xff,
    0xff, 0xf6, 0xea, 0xff, 0xff, 0xf6, 0xea, 0xff, 0xff, 0xf6, 0xea, 0xff,
    0xff, 0xf6, 0xea, 0xff, 0xff, 0xf6, 0xea, 0xff, 0xff, 0xf6, 0xea, 0xff,
    0xff, 0xf6, 0xea, 0xff, 0xff, 0xf6, 0xea, 0xff, 0xff, 0xf6, 0xea, 0xff,
    0xff, 0xf6, 0xea, 0xff, 0xff, 0xf6, 0xea, 0xff, 0xff, 0xf6, 0xea, 0xff,
    0xff, 0xf6, 0xea, 0xff, 0xff, 0xf6, 0xea, 0xff, 0xff, 0xf6, 0xea, 0xff,
    0xff, 0xf6, 0xea, 0xff, 0xfe, 0xd9, 0xac, 0xff, 0xfc, 0xb9, 0x64, 0xff,
    0xfc, 0xb9, 0x64, 0xff, 0xfc, 0xb9, 0x64, 0xff, 0xfc, 0xb9, 0x64, 0xff,
    0xfc, 0xc0, 0x73, 0xff, 0xfe, 0xe4, 0xc1, 0xff, 0xff, 0xf6, 0xea, 0xff,
    0xff, 0xf6, 0xea, 0xff, 0xff, 0xf0, 0xdd, 0xff, 0xfc, 0xc8, 0x86, 0xff,
    0xf9, 0x96, 0x1c, 0xff, 0xf9, 0x96, 0x1c, 0xff, 0xf9, 0x96, 0x1c, 0xff,
    0xf9, 0x96, 0x1c, 0xff, 0xfa, 0x9e, 0x2c, 0xff, 0xff, 0xee, 0xd5, 0xff,
    0xfe, 0xed, 0xd9, 0xff, 0xfd, 0xdb, 0xb5, 0xff, 0xfd, 0xdb, 0xb5, 0xff,
    0xfd, 0xdb, 0xb5, 0xff, 0xfd, 0xdb, 0xb5, 0xff, 0xfd, 0xdb, 0xb5, 0xff,
    0xfd, 0xcf, 0x9a, 0xff, 0xf9, 0x96, 0x1c, 0xff, 0xf9, 0x96, 0x1c, 0xff,
    0xf9, 0x96, 0x1c, 0xff, 0xfb, 0x9d, 0x2b, 0xfb, 0xee, 0xbb, 0x66, 0x0f,
    0x00, 0x00, 0x00, 0x00, 0x00, 0x00, 0x00, 0x00, 0x00, 0x00, 0x00, 0x00,
    0x00, 0x00, 0x00, 0x00, 0x00, 0x00, 0x00, 0x00, 0x00, 0x00, 0x00, 0x00,
    0x00, 0x00, 0x00, 0x00, 0xfd, 0xb9, 0x65, 0x6d, 0xfc, 0xb9, 0x64, 0xff,
    0xfc, 0xb9, 0x64, 0xff, 0xfc, 0xb9, 0x64, 0xff, 0xfc, 0xb9, 0x64, 0xff,
    0xfe, 0xe6, 0xc6, 0xff, 0xff, 0xf6, 0xea, 0xff, 0xff, 0xf6, 0xea, 0xff,
    0xff, 0xf6, 0xea, 0xff, 0xff, 0xf6, 0xea, 0xff, 0xff, 0xf6, 0xea, 0xff,
    0xff, 0xf6, 0xea, 0xff, 0xff, 0xf6, 0xea, 0xff, 0xff, 0xf6, 0xea, 0xff,
    0xff, 0xf6, 0xea, 0xff, 0xff, 0xf6, 0xea, 0xff, 0xff, 0xf6, 0xea, 0xff,
    0xff, 0xf6, 0xea, 0xff, 0xff, 0xf6, 0xea, 0xff, 0xff, 0xf6, 0xea, 0xff,
    0xff, 0xf6, 0xea, 0xff, 0xff, 0xf6, 0xea, 0xff, 0xff, 0xf6, 0xea, 0xff,
    0xff, 0xf6, 0xea, 0xff, 0xff, 0xf6, 0xea, 0xff, 0xff, 0xf6, 0xea, 0xff,
    0xff, 0xf6, 0xea, 0xff, 0xff, 0xf6, 0xea, 0xff, 0xff, 0xf6, 0xea, 0xff,
    0xfd, 0xcd, 0x91, 0xff, 0xfc, 0xb9, 0x64, 0xff, 0xfc, 0xb9, 0x64, 0xff,
    0xfc, 0xb9, 0x64, 0xff, 0xfc, 0xb9, 0x64, 0xff, 0xfc, 0xb9, 0x64, 0xff,
    0xfc, 0xbd, 0x6b, 0xff, 0xfd, 0xc5, 0x7f, 0xff, 0xfb, 0xab, 0x47, 0xff,
    0xf9, 0x96, 0x1c, 0xff, 0xf9, 0x96, 0x1c, 0xff, 0xf9, 0x96, 0x1c, 0xff,
    0xf9, 0x96, 0x1c, 0xff, 0xf9, 0x96, 0x1c, 0xff, 0xfe, 0xdb, 0xad, 0xff,
    0xfe, 0xf3, 0xe3, 0xff, 0xfd, 0xdf, 0xbc, 0xff, 0xfd, 0xdb, 0xb5, 0xff,
    0xfd, 0xdb, 0xb5, 0xff, 0xfd, 0xdb, 0xb5, 0xff, 0xfd, 0xdb, 0xb5, 0xff,
    0xfd, 0xdc, 0xb6, 0xff, 0xf9, 0x96, 0x1c, 0xff, 0xf9, 0x96, 0x1c, 0xff,
    0xf9, 0x96, 0x1c, 0xff, 0xf9, 0x96, 0x1c, 0xff, 0xfa, 0xa6, 0x3c, 0xa1,
    0x00, 0x00, 0x00, 0x00, 0x00, 0x00, 0x00, 0x00, 0x00, 0x00, 0x00, 0x00,
    0x00, 0x00, 0x00, 0x00, 0x00, 0x00, 0x00, 0x00, 0x00, 0x00, 0x00, 0x00,
    0x00, 0x00, 0x00, 0x00, 0x00, 0x00, 0x00, 0x00, 0x00, 0x00, 0x00, 0x00,
    0xfc, 0xb9, 0x64, 0xbd, 0xfc, 0xb9, 0x64, 0xff, 0xfc, 0xb9, 0x64, 0xff,
    0xfc, 0xb9, 0x64, 0xff, 0xfc, 0xc1, 0x76, 0xff, 0xff, 0xf0, 0xde, 0xff,
    0xff, 0xf6, 0xea, 0xff, 0xff, 0xf6, 0xea, 0xff, 0xff, 0xf6, 0xea, 0xff,
    0xff, 0xf6, 0xea, 0xff, 0xff, 0xf6, 0xea, 0xff, 0xff, 0xf6, 0xea, 0xff,
    0xff, 0xf6, 0xea, 0xff, 0xff, 0xf6, 0xea, 0xff, 0xff, 0xf6, 0xea, 0xff,
    0xff, 0xf6, 0xea, 0xff, 0xff, 0xf6, 0xea, 0xff, 0xff, 0xf6, 0xea, 0xff,
    0xff, 0xf6, 0xea, 0xff, 0xff, 0xf6, 0xea, 0xff, 0xff, 0xf6, 0xea, 0xff,
    0xff, 0xf6, 0xea, 0xff, 0xff, 0xf6, 0xea, 0xff, 0xff, 0xf6, 0xea, 0xff,
    0xff, 0xf6, 0xea, 0xff, 0xff, 0xf6, 0xea, 0xff, 0xff, 0xf6, 0xea, 0xff,
    0xff, 0xf6, 0xea, 0xff, 0xff, 0xed, 0xd5, 0xff, 0xfc, 0xb2, 0x58, 0xff,
    0xfb, 0xaf, 0x4f, 0xff, 0xfc, 0xb6, 0x5e, 0xff, 0xfc, 0xb6, 0x5e, 0xff,
    0xfb, 0xaf, 0x51, 0xff, 0xfa, 0xa9, 0x44, 0xff, 0xf9, 0x9d, 0x2a, 0xff,
    0xf9, 0x96, 0x1c, 0xff, 0xf9, 0x96, 0x1c, 0xff, 0xf9, 0x96, 0x1c, 0xff,
    0xf9, 0x96, 0x1c, 0xff, 0xf9, 0x96, 0x1c, 0xff, 0xfb, 0xb7, 0x62, 0xff,
    0xff, 0xf6, 0xea, 0xff, 0xfd, 0xe3, 0xc5, 0xff, 0xfd, 0xdb, 0xb5, 0xff,
    0xfd, 0xdb, 0xb5, 0xff, 0xfd, 0xdb, 0xb5, 0xff, 0xfd, 0xdb, 0xb5, 0xff,
    0xfd, 0xdd, 0xb8, 0xff, 0xf9, 0xa5, 0x3c, 0xff, 0xf9, 0x96, 0x1c, 0xff,
    0xf9, 0x96, 0x1c, 0xff, 0xf9, 0x96, 0x1c, 0xff, 0xfb, 0x9e, 0x2c, 0xec,
    0x00, 0x00, 0x00, 0x00, 0x00, 0x00, 0x00, 0x00, 0x00, 0x00, 0x00, 0x00,
    0x00, 0x00, 0x00, 0x00, 0x00, 0x00, 0x00, 0x00, 0x00, 0x00, 0x00, 0x00,
    0x00, 0x00, 0x00, 0x00, 0x00, 0x00, 0x00, 0x00, 0x00, 0x00, 0x00, 0x00,
    0x00, 0x00, 0x00, 0x00, 0xff, 0xb7, 0x64, 0x2e, 0xfc, 0xb9, 0x64, 0xfe,
    0xfc, 0xb9, 0x64, 0xff, 0xfc, 0xb9, 0x64, 0xff, 0xfc, 0xb9, 0x64, 0xff,
    0xfd, 0xc9, 0x89, 0xff, 0xff, 0xf6, 0xea, 0xff, 0xff, 0xf6, 0xea, 0xff,
    0xff, 0xf6, 0xea, 0xff, 0xff, 0xf6, 0xea, 0xff, 0xff, 0xf6, 0xea, 0xff,
    0xff, 0xf6, 0xea, 0xff, 0xff, 0xf6, 0xea, 0xff, 0xff, 0xf6, 0xea, 0xff,
    0xff, 0xf6, 0xea, 0xff, 0xff, 0xf6, 0xea, 0xff, 0xff, 0xf6, 0xea, 0xff,
    0xff, 0xf6, 0xea, 0xff, 0xff, 0xf6, 0xea, 0xff, 0xff, 0xf6, 0xea, 0xff,
    0xff, 0xf6, 0xea, 0xff, 0xff, 0xf6, 0xea, 0xff, 0xff, 0xf6, 0xea, 0xff,
    0xff, 0xf6, 0xea, 0xff, 0xff, 0xf6, 0xea, 0xff, 0xff, 0xf6, 0xea, 0xff,
    0xff, 0xf6, 0xea, 0xff, 0xff, 0xf6, 0xea, 0xff, 0xff, 0xf6, 0xea, 0xff,
    0xff, 0xf6, 0xea, 0xff, 0xfc, 0xca, 0x89, 0xff, 0xf9, 0x9d, 0x2b, 0xff,
    0xf9, 0x96, 0x1c, 0xff, 0xf9, 0x96, 0x1c, 0xff, 0xf9, 0x96, 0x1c, 0xff,
    0xf9, 0x96, 0x1c, 0xff, 0xf9, 0x96, 0x1c, 0xff, 0xf9, 0x96, 0x1c, 0xff,
    0xf9, 0x96, 0x1c, 0xff, 0xf9, 0xa1, 0x33, 0xff, 0xfd, 0xdc, 0xaf, 0xff,
    0xff, 0xf6, 0xea, 0xff, 0xfd, 0xe8, 0xcf, 0xff, 0xfd, 0xdb, 0xb5, 0xff,
    0xfd, 0xdb, 0xb5, 0xff, 0xfd, 0xdb, 0xb5, 0xff, 0xfd, 0xdb, 0xb5, 0xff,
    0xfd, 0xdb, 0xb5, 0xff, 0xfb, 0xbc, 0x6f, 0xff, 0xf9, 0x96, 0x1c, 0xff,
    0xf9, 0x96, 0x1c, 0xff, 0xf9, 0x96, 0x1c, 0xff, 0xf9, 0x97, 0x1f, 0xff,
    0xfa, 0xa3, 0x36, 0x5e, 0x00, 0x00, 0x00, 0x00, 0x00, 0x00, 0x00, 0x00,
    0x00, 0x00, 0x00, 0x00, 0x00, 0x00, 0x00, 0x00, 0x00, 0x00, 0x00, 0x00,
    0x00, 0x00, 0x00, 0x00, 0x00, 0x00, 0x00, 0x00, 0x00, 0x00, 0x00, 0x00,
    0x00, 0x00, 0x00, 0x00, 0x00, 0x00, 0x00, 0x00, 0x00, 0x00, 0x00, 0x00,
    0xfc, 0xbb, 0x65, 0x65, 0xfc, 0xb9, 0x64, 0xff, 0xfc, 0xb9, 0x64, 0xff,
    0xfc, 0xb9, 0x64, 0xff, 0xfc, 0xb9, 0x64, 0xff, 0xfd, 0xce, 0x92, 0xff,
    0xff, 0xf6, 0xea, 0xff, 0xff, 0xf6, 0xea, 0xff, 0xff, 0xf6, 0xea, 0xff,
    0xff, 0xf6, 0xea, 0xff, 0xff, 0xf6, 0xea, 0xff, 0xff, 0xf6, 0xea, 0xff,
    0xff, 0xf6, 0xea, 0xff, 0xff, 0xf6, 0xea, 0xff, 0xff, 0xf6, 0xea, 0xff,
    0xff, 0xf6, 0xea, 0xff, 0xff, 0xf6, 0xea, 0xff, 0xff, 0xf6, 0xea, 0xff,
    0xff, 0xf6, 0xea, 0xff, 0xff, 0xf6, 0xea, 0xff, 0xff, 0xf6, 0xea, 0xff,
    0xff, 0xf6, 0xea, 0xff, 0xff, 0xf6, 0xea, 0xff, 0xff, 0xf6, 0xea, 0xff,
    0xff, 0xf6, 0xea, 0xff, 0xff, 0xf6, 0xea, 0xff, 0xff, 0xf6, 0xea, 0xff,
    0xff, 0xf6, 0xea, 0xff, 0xff, 0xf6, 0xea, 0xff, 0xff, 0xf6, 0xea, 0xff,
    0xfd, 0xe5, 0xc6, 0xff, 0xfc, 0xc1, 0x77, 0xff, 0xfa, 0xac, 0x4a, 0xff,
    0xfa, 0x9e, 0x2b, 0xff, 0xfa, 0x98, 0x20, 0xff, 0xfa, 0xa6, 0x3c, 0xff,
    0xfb, 0xb7, 0x62, 0xff, 0xfc, 0xcb, 0x8c, 0xff, 0xff, 0xf6, 0xea, 0xff,
    0xff, 0xf6, 0xea, 0xff, 0xfe, 0xee, 0xda, 0xff, 0xfd, 0xdb, 0xb5, 0xff,
    0xfd, 0xdb, 0xb5, 0xff, 0xfd, 0xdb, 0xb5, 0xff, 0xfd, 0xdb, 0xb5, 0xff,
    0xfd, 0xdb, 0xb5, 0xff, 0xfc, 0xca, 0x8b, 0xff, 0xf9, 0x96, 0x1c, 0xff,
    0xf9, 0x96, 0x1c, 0xff, 0xf9, 0x96, 0x1c, 0xff, 0xf9, 0x96, 0x1c, 0xff,
    0xfa, 0xa3, 0x36, 0xa6, 0x00, 0x00, 0x00, 0x00, 0x00, 0x00, 0x00, 0x00,
    0x00, 0x00, 0x00, 0x00, 0x00, 0x00, 0x00, 0x00, 0x00, 0x00, 0x00, 0x00,
    0x00, 0x00, 0x00, 0x00, 0x00, 0x00, 0x00, 0x00, 0x00, 0x00, 0x00, 0x00,
    0x00, 0x00, 0x00, 0x00, 0x00, 0x00, 0x00, 0x00, 0x00, 0x00, 0x00, 0x00,
    0x00, 0x00, 0x00, 0x00, 0x00, 0x00, 0x00, 0x00, 0xfd, 0xba, 0x63, 0x8d,
    0xfc, 0xb9, 0x64, 0xff, 0xfc, 0xb9, 0x64, 0xff, 0xfc, 0xb9, 0x64, 0xff,
    0xfc, 0xb9, 0x64, 0xff, 0xfd, 0xce, 0x92, 0xff, 0xff, 0xf6, 0xea, 0xff,
    0xff, 0xf6, 0xea, 0xff, 0xff, 0xf6, 0xea, 0xff, 0xff, 0xf6, 0xea, 0xff,
    0xff, 0xf6, 0xea, 0xff, 0xff, 0xf6, 0xea, 0xff, 0xff, 0xf6, 0xea, 0xff,
    0xff, 0xf6, 0xea, 0xff, 0xff, 0xf6, 0xea, 0xff, 0xff, 0xf6, 0xea, 0xff,
    0xff, 0xf6, 0xea, 0xff, 0xff, 0xf6, 0xea, 0xff, 0xff, 0xf6, 0xea, 0xff,
    0xff, 0xf6, 0xea, 0xff, 0xff, 0xf6, 0xea, 0xff, 0xff, 0xf6, 0xea, 0xff,
    0xff, 0xf6, 0xea, 0xff, 0xff, 0xf6, 0xea, 0xff, 0xff, 0xf6, 0xea, 0xff,
    0xff, 0xf6, 0xea, 0xff, 0xff, 0xf6, 0xea, 0xff, 0xff, 0xf6, 0xea, 0xff,
    0xff, 0xf6, 0xea, 0xff, 0xff, 0xf6, 0xea, 0xff, 0xff, 0xf6, 0xea, 0xff,
    0xff, 0xf6, 0xea, 0xff, 0xff, 0xf6, 0xea, 0xff, 0xff, 0xf6, 0xea, 0xff,
    0xff, 0xf6, 0xea, 0xff, 0xff, 0xf6, 0xea, 0xff, 0xff, 0xf6, 0xea, 0xff,
    0xff, 0xf6, 0xea, 0xff, 0xfe, 0xea, 0xd2, 0xff, 0xfd, 0xdb, 0xb5, 0xff,
    0xfd, 0xdb, 0xb5, 0xff, 0xfd, 0xdb, 0xb5, 0xff, 0xfd, 0xdb, 0xb5, 0xff,
    0xfd, 0xdb, 0xb5, 0xff, 0xfd, 0xc9, 0x8a, 0xff, 0xf9, 0x96, 0x1c, 0xff,
    0xf9, 0x96, 0x1c, 0xff, 0xf9, 0x96, 0x1c, 0xff, 0xf9, 0x96, 0x1c, 0xff,
    0xfa, 0xa0, 0x2e, 0xd3, 0x00, 0x00, 0x00, 0x00, 0x00, 0x00, 0x00, 0x00,
    0x00, 0x00, 0x00, 0x00, 0x00, 0x00, 0x00, 0x00, 0x00, 0x00, 0x00, 0x00,
    0x00, 0x00, 0x00, 0x00, 0x00, 0x00, 0x00, 0x00, 0x00, 0x00, 0x00, 0x00,
    0x00, 0x00, 0x00, 0x00, 0x00, 0x00, 0x00, 0x00, 0x00, 0x00, 0x00, 0x00,
    0x00, 0x00, 0x00, 0x00, 0x00, 0x00, 0x00, 0x00, 0x00, 0x00, 0x00, 0x00,
    0x00, 0x00, 0x00, 0x00, 0xfc, 0xb9, 0x64, 0xa5, 0xfc, 0xb9, 0x64, 0xff,
    0xfc, 0xb9, 0x64, 0xff, 0xfc, 0xb9, 0x64, 0xff, 0xfc, 0xb9, 0x64, 0xff,
    0xfd, 0xc9, 0x89, 0xff, 0xff, 0xf0, 0xde, 0xff, 0xff, 0xf6, 0xea, 0xff,
    0xff, 0xf6, 0xea, 0xff, 0xff, 0xf6, 0xea, 0xff, 0xff, 0xf6, 0xea, 0xff,
    0xff, 0xf6, 0xea, 0xff, 0xff, 0xf6, 0xea, 0xff, 0xff, 0xf6, 0xea, 0xff,
    0xff, 0xf6, 0xea, 0xff, 0xff, 0xf6, 0xea, 0xff, 0xff, 0xf6, 0xea, 0xff,
    0xff, 0xf6, 0xea, 0xff, 0xff, 0xf6, 0xea, 0xff, 0xff, 0xf6, 0xea, 0xff,
    0xff, 0xf6, 0xea, 0xff, 0xff, 0xf6, 0xea, 0xff, 0xff, 0xf6, 0xea, 0xff,
    0xff, 0xf6, 0xea, 0xff, 0xff, 0xf6, 0xea, 0xff, 0xff, 0xf6, 0xea, 0xff,
    0xff, 0xf6, 0xea, 0xff, 0xff, 0xf6, 0xea, 0xff, 0xff, 0xf6, 0xea, 0xff,
    0xff, 0xf6, 0xea, 0xff, 0xff, 0xf6, 0xea, 0xff, 0xff, 0xf6, 0xea, 0xff,
    0xff, 0xf6, 0xea, 0xff, 0xff, 0xf6, 0xea, 0xff, 0xff, 0xf6, 0xea, 0xff,
    0xff, 0xf6, 0xea, 0xff, 0xfe, 0xe4, 0xc7, 0xff, 0xfd, 0xdb, 0xb5, 0xff,
    0xfd, 0xdb, 0xb5, 0xff, 0xfd, 0xdb, 0xb5, 0xff, 0xfd, 0xdb, 0xb5, 0xff,
    0xfd, 0xde, 0xbb, 0xff, 0xfc, 0xc0, 0x78, 0xff, 0xf9, 0x96, 0x1c, 0xff,
    0xf9, 0x96, 0x1c, 0xff, 0xf9, 0x96, 0x1c, 0xff, 0xf9, 0x96, 0x1c, 0xff,
    0xf9, 0x9a, 0x26, 0xee, 0x00, 0x00, 0x00, 0x00, 0x00, 0x00, 0x00, 0x00,
    0x00, 0x00, 0x00, 0x00, 0x00, 0x00, 0x00, 0x00, 0x00, 0x00, 0x00, 0x00,
    0x00, 0x00, 0x00, 0x00, 0x00, 0x00, 0x00, 0x00, 0x00, 0x00, 0x00, 0x00,
    0x00, 0x00, 0x00, 0x00, 0x00, 0x00, 0x00, 0x00, 0x00, 0x00, 0x00, 0x00,
    0x00, 0x00, 0x00, 0x00, 0x00, 0x00, 0x00, 0x00, 0x00, 0x00, 0x00, 0x00,
    0x00, 0x00, 0x00, 0x00, 0x00, 0x00, 0x00, 0x00, 0x00, 0x00, 0x00, 0x00,
    0xfc, 0xba, 0x64, 0xad, 0xfc, 0xb9, 0x64, 0xff, 0xfc, 0xb9, 0x64, 0xff,
    0xfc, 0xb9, 0x64, 0xff, 0xfc, 0xb9, 0x64, 0xff, 0xfc, 0xc1, 0x76, 0xff,
    0xfe, 0xe6, 0xc6, 0xff, 0xff, 0xf6, 0xea, 0xff, 0xff, 0xf6, 0xea, 0xff,
    0xff, 0xf6, 0xea, 0xff, 0xff, 0xf6, 0xea, 0xff, 0xff, 0xf6, 0xea, 0xff,
    0xff, 0xf6, 0xea, 0xff, 0xff, 0xf6, 0xea, 0xff, 0xff, 0xf6, 0xea, 0xff,
    0xff, 0xf6, 0xea, 0xff, 0xff, 0xf6, 0xea, 0xff, 0xff, 0xf6, 0xea, 0xff,
    0xff, 0xf6, 0xea, 0xff, 0xff, 0xf6, 0xea, 0xff, 0xff, 0xf6, 0xea, 0xff,
    0xff, 0xf6, 0xea, 0xff, 0xff, 0xf6, 0xea, 0xff, 0xff, 0xf6, 0xea, 0xff,
    0xff, 0xf6, 0xea, 0xff, 0xff, 0xf6, 0xea, 0xff, 0xff, 0xf6, 0xea, 0xff,
    0xff, 0xf6, 0xea, 0xff, 0xff, 0xf6, 0xea, 0xff, 0xff, 0xf6, 0xea, 0xff,
    0xff, 0xf6, 0xea, 0xff, 0xff, 0xf6, 0xea, 0xff, 0xff, 0xf6, 0xea, 0xff,
    0xfe, 0xf1, 0xe1, 0xff, 0xfd, 0xe2, 0xc2, 0xff, 0xfd, 0xdb, 0xb5, 0xff,
    0xfd, 0xdb, 0xb5, 0xff, 0xfd, 0xdb, 0xb5, 0xff, 0xfd, 0xdb, 0xb5, 0xff,
    0xfe, 0xdf, 0xbc, 0xff, 0xfc, 0xb0, 0x54, 0xff, 0xf9, 0x96, 0x1c, 0xff,
    0xf9, 0x96, 0x1c, 0xff, 0xf9, 0x96, 0x1c, 0xff, 0xf9, 0x96, 0x1c, 0xff,
    0xf9, 0x96, 0x1c, 0xff, 0x00, 0x00, 0x00, 0x00, 0x00, 0x00, 0x00, 0x00,
    0x00, 0x00, 0x00, 0x00, 0x00, 0x00, 0x00, 0x00, 0x00, 0x00, 0x00, 0x00,
    0x00, 0x00, 0x00, 0x00, 0x00, 0x00, 0x00, 0x00, 0x00, 0x00, 0x00, 0x00,
    0x00, 0x00, 0x00, 0x00, 0x00, 0x00, 0x00, 0x00, 0x00, 0x00, 0x00, 0x00,
    0x00, 0x00, 0x00, 0x00, 0x00, 0x00, 0x00, 0x00, 0x00, 0x00, 0x00, 0x00,
    0x00, 0x00, 0x00, 0x00, 0x00, 0x00, 0x00, 0x00, 0x00, 0x00, 0x00, 0x00,
    0x00, 0x00, 0x00, 0x00, 0x00, 0x00, 0x00, 0x00, 0xfc, 0xb9, 0x64, 0xa5,
    0xfc, 0xb9, 0x64, 0xff, 0xfc, 0xb9, 0x64, 0xff, 0xfc, 0xb9, 0x64, 0xff,
    0xfc, 0xb9, 0x64, 0xff, 0xfc, 0xb9, 0x64, 0xff, 0xfd, 0xd7, 0xa5, 0xff,
    0xff, 0xf6, 0xea, 0xff, 0xff, 0xf6, 0xea, 0xff, 0xff, 0xf6, 0xea, 0xff,
    0xff, 0xf6, 0xea, 0xff, 0xff, 0xf6, 0xea, 0xff, 0xff, 0xf6, 0xea, 0xff,
    0xff, 0xf6, 0xea, 0xff, 0xff, 0xf6, 0xea, 0xff, 0xff, 0xf6, 0xea, 0xff,
    0xff, 0xf6, 0xea, 0xff, 0xff, 0xf6, 0xea, 0xff, 0xff, 0xf6, 0xea, 0xff,
    0xff, 0xf6, 0xea, 0xff, 0xff, 0xf6, 0xea, 0xff, 0xff, 0xf6, 0xea, 0xff,
    0xff, 0xf6, 0xea, 0xff, 0xff, 0xf6, 0xea, 0xff, 0xff, 0xf6, 0xea, 0xff,
    0xff, 0xf6, 0xea, 0xff, 0xff, 0xf6, 0xea, 0xff, 0xff, 0xf6, 0xea, 0xff,
    0xff, 0xf6, 0xea, 0xff, 0xff, 0xf6, 0xea, 0xff, 0xff, 0xf6, 0xea, 0xff,
    0xfe, 0xeb, 0xd3, 0xff, 0xfd, 0xde, 0xbb, 0xff, 0xfd, 0xdb, 0xb5, 0xff,
    0xfd, 0xdb, 0xb5, 0xff, 0xfd, 0xdb, 0xb5, 0xff, 0xfd, 0xdd, 0xb9, 0xff,
    0xfd, 0xd8, 0xac, 0xff, 0xfa, 0xa2, 0x34, 0xff, 0xf9, 0x96, 0x1c, 0xff,
    0xf9, 0x96, 0x1c, 0xff, 0xf9, 0x96, 0x1c, 0xff, 0xf9, 0x96, 0x1c, 0xff,
    0xf9, 0x9e, 0x2d, 0xe4, 0x00, 0x00, 0x00, 0x00, 0x00, 0x00, 0x00, 0x00,
    0x00, 0x00, 0x00, 0x00, 0x00, 0x00, 0x00, 0x00, 0x00, 0x00, 0x00, 0x00,
    0x00, 0x00, 0x00, 0x00, 0x00, 0x00, 0x00, 0x00, 0x00, 0x00, 0x00, 0x00,
    0x00, 0x00, 0x00, 0x00, 0x00, 0x00, 0x00, 0x00, 0x00, 0x00, 0x00, 0x00,
    0x00, 0x00, 0x00, 0x00, 0x00, 0x00, 0x00, 0x00, 0x00, 0x00, 0x00, 0x00,
    0x00, 0x00, 0x00, 0x00, 0x00, 0x00, 0x00, 0x00, 0x00, 0x00, 0x00, 0x00,
    0x00, 0x00, 0x00, 0x00, 0x00, 0x00, 0x00, 0x00, 0x00, 0x00, 0x00, 0x00,
    0x00, 0x00, 0x00, 0x00, 0xfd, 0xba, 0x63, 0x8d, 0xfc, 0xb9, 0x64, 0xff,
    0xfc, 0xb9, 0x64, 0xff, 0xfc, 0xb9, 0x64, 0xff, 0xfc, 0xb9, 0x64, 0xff,
    0xfc, 0xb9, 0x64, 0xff, 0xfd, 0xc3, 0x7a, 0xff, 0xfe, 0xe1, 0xbd, 0xff,
    0xff, 0xf6, 0xea, 0xff, 0xff, 0xf6, 0xea, 0xff, 0xff, 0xf6, 0xea, 0xff,
    0xff, 0xf6, 0xea, 0xff, 0xff, 0xf6, 0xea, 0xff, 0xff, 0xf6, 0xea, 0xff,
    0xff, 0xf6, 0xea, 0xff, 0xff, 0xf6, 0xea, 0xff, 0xff, 0xf6, 0xea, 0xff,
    0xff, 0xf6, 0xea, 0xff, 0xff, 0xf6, 0xea, 0xff, 0xff, 0xf6, 0xea, 0xff,
    0xff, 0xf6, 0xea, 0xff, 0xff, 0xf6, 0xea, 0xff, 0xff, 0xf6, 0xea, 0xff,
    0xff, 0xf6, 0xea, 0xff, 0xff, 0xf6, 0xea, 0xff, 0xff, 0xf6, 0xea, 0xff,
    0xff, 0xf6, 0xea, 0xff, 0xff, 0xf6, 0xea, 0xff, 0xff, 0xef, 0xda, 0xff,
    0xfe, 0xe2, 0xc3, 0xff, 0xfd, 0xdb, 0xb5, 0xff, 0xfd, 0xdb, 0xb5, 0xff,
    0xfd, 0xdb, 0xb5, 0xff, 0xfd, 0xdd, 0xb7, 0xff, 0xfe, 0xde, 0xb9, 0xff,
    0xfd, 0xc6, 0x82, 0xff, 0xfa, 0xa2, 0x34, 0xff, 0xf9, 0x96, 0x1c, 0xff,
    0xf9, 0x96, 0x1c, 0xff, 0xf9, 0x96, 0x1c, 0xff, 0xf9, 0x96, 0x1c, 0xff,
    0xfa, 0xa5, 0x3a, 0xbe, 0x00, 0x00, 0x00, 0x00, 0x00, 0x00, 0x00, 0x00,
    0x00, 0x00, 0x00, 0x00, 0x00, 0x00, 0x00, 0x00, 0x00, 0x00, 0x00, 0x00,
    0x00, 0x00, 0x00, 0x00, 0x00, 0x00, 0x00, 0x00, 0x00, 0x00, 0x00, 0x00,
    0x00, 0x00, 0x00, 0x00, 0x00, 0x00, 0x00, 0x00, 0x00, 0x00, 0x00, 0x00,
    0x00, 0x00, 0x00, 0x00, 0x00, 0x00, 0x00, 0x00, 0x00, 0x00, 0x00, 0x00,
    0x00, 0x00, 0x00, 0x00, 0x00, 0x00, 0x00, 0x00, 0x00, 0x00, 0x00, 0x00,
    0x00, 0x00, 0x00, 0x00, 0x00, 0x00, 0x00, 0x00, 0x00, 0x00, 0x00, 0x00,
    0x00, 0x00, 0x00, 0x00, 0x00, 0x00, 0x00, 0x00, 0x00, 0x00, 0x00, 0x00,
    0xfc, 0xbb, 0x65, 0x65, 0xfc, 0xb9, 0x64, 0xfe, 0xfc, 0xb9, 0x64, 0xff,
    0xfc, 0xb9, 0x64, 0xff, 0xfc, 0xb9, 0x64, 0xff, 0xfc, 0xb9, 0x64, 0xff,
    0xfc, 0xb9, 0x64, 0xff, 0xfd, 0xc8, 0x84, 0xff, 0xfe, 0xe1, 0xbd, 0xff,
    0xff, 0xf6, 0xea, 0xff, 0xff, 0xf6, 0xea, 0xff, 0xff, 0xf6, 0xea, 0xff,
    0xff, 0xf6, 0xea, 0xff, 0xff, 0xf6, 0xea, 0xff, 0xff, 0xf6, 0xea, 0xff,
    0xff, 0xf6, 0xea, 0xff, 0xff, 0xf6, 0xea, 0xff, 0xff, 0xf6, 0xea, 0xff,
    0xff, 0xf6, 0xea, 0xff, 0xff, 0xf6, 0xea, 0xff, 0xff, 0xf6, 0xea, 0xff,
    0xff, 0xf6, 0xea, 0xff, 0xff, 0xf6, 0xea, 0xff, 0xff, 0xf6, 0xea, 0xff,
    0xff, 0xf6, 0xea, 0xff, 0xfe, 0xef, 0xdb, 0xff, 0xfe, 0xe6, 0xca, 0xff,
    0xfd, 0xdb, 0xb5, 0xff, 0xfd, 0xdb, 0xb5, 0xff, 0xfd, 0xdb, 0xb5, 0xff,
    0xfd, 0xdb, 0xb5, 0xff, 0xfe, 0xde, 0xb9, 0xff, 0xfd, 0xcb, 0x8c, 0xff,
    0xfb, 0xb6, 0x5e, 0xff, 0xfa, 0xa2, 0x34, 0xff, 0xf9, 0x96, 0x1c, 0xff,
    0xf9, 0x96, 0x1c, 0xff, 0xf9, 0x96, 0x1c, 0xff, 0xf9, 0x98, 0x20, 0xff,
    0xfc, 0xa8, 0x3e, 0x95, 0x00, 0x00, 0x00, 0x00, 0x00, 0x00, 0x00, 0x00,
    0x00, 0x00, 0x00, 0x00, 0x00, 0x00, 0x00, 0x00, 0x00, 0x00, 0x00, 0x00,
    0x00, 0x00, 0x00, 0x00, 0x00, 0x00, 0x00, 0x00, 0x00, 0x00, 0x00, 0x00,
    0x00, 0x00, 0x00, 0x00, 0x00, 0x00, 0x00, 0x00, 0x00, 0x00, 0x00, 0x00,
    0x00, 0x00, 0x00, 0x00, 0x00, 0x00, 0x00, 0x00, 0x00, 0x00, 0x00, 0x00,
    0x00, 0x00, 0x00, 0x00, 0x00, 0x00, 0x00, 0x00, 0x00, 0x00, 0x00, 0x00,
    0x00, 0x00, 0x00, 0x00, 0x00, 0x00, 0x00, 0x00, 0x00, 0x00, 0x00, 0x00,
    0x00, 0x00, 0x00, 0x00, 0x00, 0x00, 0x00, 0x00, 0x00, 0x00, 0x00, 0x00,
    0x00, 0x00, 0x00, 0x00, 0x00, 0x00, 0x00, 0x00, 0xff, 0xb7, 0x64, 0x2e,
    0xfc, 0xb9, 0x64, 0xbd, 0xfc, 0xb9, 0x64, 0xff, 0xfc, 0xb9, 0x64, 0xff,
    0xfc, 0xb9, 0x64, 0xff, 0xfc, 0xb9, 0x64, 0xff, 0xfc, 0xb9, 0x64, 0xff,
    0xfc, 0xb9, 0x64, 0xff, 0xfc, 0xc1, 0x76, 0xff, 0xfd, 0xd6, 0xa5, 0xff,
    0xfe, 0xeb, 0xd0, 0xff, 0xff, 0xf6, 0xea, 0xff, 0xff, 0xf6, 0xea, 0xff,
    0xff, 0xf6, 0xea, 0xff, 0xff, 0xf6, 0xea, 0xff, 0xff, 0xf6, 0xea, 0xff,
    0xff, 0xf6, 0xea, 0xff, 0xff, 0xf6, 0xea, 0xff, 0xff, 0xf6, 0xea, 0xff,
    0xff, 0xf6, 0xea, 0xff, 0xff, 0xf6, 0xea, 0xff, 0xfe, 0xef, 0xdb, 0xff,
    0xfe, 0xe6, 0xcb, 0xff, 0xfd, 0xdf, 0xbc, 0xff, 0xfd, 0xdb, 0xb5, 0xff,
    0xfd, 0xdb, 0xb5, 0xff, 0xfd, 0xdd, 0xb9, 0xff, 0xfe, 0xe1, 0xbf, 0xff,
    0xfd, 0xd8, 0xab, 0xff, 0xfc, 0xc5, 0x7f, 0xff, 0xfc, 0xb9, 0x64, 0xff,
    0xfb, 0xac, 0x49, 0xff, 0xfa, 0x9b, 0x27, 0xff, 0xf9, 0x96, 0x1c, 0xff,
    0xf9, 0x96, 0x1c, 0xff, 0xf9, 0x96, 0x1c, 0xff, 0xfb, 0x9e, 0x2c, 0xec,
    0xfc, 0xa3, 0x39, 0x59, 0x00, 0x00, 0x00, 0x00, 0x00, 0x00, 0x00, 0x00,
    0x00, 0x00, 0x00, 0x00, 0x00, 0x00, 0x00, 0x00, 0x00, 0x00, 0x00, 0x00,
    0x00, 0x00, 0x00, 0x00, 0x00, 0x00, 0x00, 0x00, 0x00, 0x00, 0x00, 0x00,
    0x00, 0x00, 0x00, 0x00, 0x00, 0x00, 0x00, 0x00, 0x00, 0x00, 0x00, 0x00,
    0x00, 0x00, 0x00, 0x00, 0x00, 0x00, 0x00, 0x00, 0x00, 0x00, 0x00, 0x00,
    0x00, 0x00, 0x00, 0x00, 0x00, 0x00, 0x00, 0x00, 0x00, 0x00, 0x00, 0x00,
    0x00, 0x00, 0x00, 0x00, 0x00, 0x00, 0x00, 0x00, 0x00, 0x00, 0x00, 0x00,
    0x00, 0x00, 0x00, 0x00, 0x00, 0x00, 0x00, 0x00, 0x00, 0x00, 0x00, 0x00,
    0x00, 0x00, 0x00, 0x00, 0x00, 0x00, 0x00, 0x00, 0x00, 0x00, 0x00, 0x00,
    0x00, 0x00, 0x00, 0x00, 0x00, 0x00, 0x00, 0x00, 0xfd, 0xb9, 0x65, 0x6d,
    0xfc, 0xb8, 0x64, 0xee, 0xfc, 0xb9, 0x64, 0xff, 0xfc, 0xb9, 0x64, 0xff,
    0xfc, 0xb9, 0x64, 0xff, 0xfc, 0xb9, 0x64, 0xff, 0xfc, 0xb9, 0x64, 0xff,
    0xfc, 0xb9, 0x64, 0xff, 0xfc, 0xb9, 0x64, 0xff, 0xfc, 0xc1, 0x76, 0xff,
    0xfd, 0xd0, 0x97, 0xff, 0xfe, 0xdd, 0xb4, 0xff, 0xfe, 0xe8, 0xcb, 0xff,
    0xff, 0xf1, 0xdf, 0xff, 0xff, 0xf5, 0xe6, 0xff, 0xff, 0xee, 0xda, 0xff,
    0xfe, 0xe8, 0xcd, 0xff, 0xfe, 0xe2, 0xc1, 0xff, 0xfd, 0xdd, 0xb9, 0xff,
    0xfd, 0xdd, 0xb9, 0xff, 0xfd, 0xe0, 0xbf, 0xff, 0xfe, 0xe0, 0xbd, 0xff,
    0xfe, 0xdb, 0xb4, 0xff, 0xfc, 0xd3, 0x9e, 0xff, 0xfc, 0xc1, 0x76, 0xff,
    0xfc, 0xb9, 0x64, 0xff, 0xfc, 0xb9, 0x64, 0xff, 0xfb, 0xb1, 0x53, 0xff,
    0xf9, 0xa1, 0x32, 0xff, 0xf9, 0x96, 0x1c, 0xff, 0xf9, 0x96, 0x1c, 0xff,
    0xf9, 0x96, 0x1c, 0xff, 0xfb, 0x9d, 0x2b, 0xfb, 0xfa, 0xa6, 0x3c, 0xa1,
    0x00, 0x00, 0x00, 0x00, 0x00, 0x00, 0x00, 0x00, 0x00, 0x00, 0x00, 0x00,
    0x00, 0x00, 0x00, 0x00, 0x00, 0x00, 0x00, 0x00, 0x00, 0x00, 0x00, 0x00,
    0x00, 0x00, 0x00, 0x00, 0x00, 0x00, 0x00, 0x00, 0x00, 0x00, 0x00, 0x00,
    0x00, 0x00, 0x00, 0x00, 0x00, 0x00, 0x00, 0x00, 0x00, 0x00, 0x00, 0x00,
    0x00, 0x00, 0x00, 0x00, 0x00, 0x00, 0x00, 0x00, 0x00, 0x00, 0x00, 0x00,
    0x00, 0x00, 0x00, 0x00, 0x00, 0x00, 0x00, 0x00, 0x00, 0x00, 0x00, 0x00,
    0x00, 0x00, 0x00, 0x00, 0x00, 0x00, 0x00, 0x00, 0x00, 0x00, 0x00, 0x00,
    0x00, 0x00, 0x00, 0x00, 0x00, 0x00, 0x00, 0x00, 0x00, 0x00, 0x00, 0x00,
    0x00, 0x00, 0x00, 0x00, 0x00, 0x00, 0x00, 0x00, 0x00, 0x00, 0x00, 0x00,
    0x00, 0x00, 0x00, 0x00, 0x00, 0x00, 0x00, 0x00, 0x00, 0x00, 0x00, 0x00,
    0x00, 0x00, 0x00, 0x00, 0xee, 0xbb, 0x66, 0x0f, 0xfd, 0xba, 0x64, 0x85,
    0xfc, 0xb9, 0x64, 0xf6, 0xfc, 0xb9, 0x64, 0xff, 0xfc, 0xb9, 0x64, 0xff,
    0xfc, 0xb9, 0x64, 0xff, 0xfc, 0xb9, 0x64, 0xff, 0xfc, 0xb9, 0x64, 0xff,
    0xfc, 0xb9, 0x64, 0xff, 0xfc, 0xb9, 0x64, 0xff, 0xfc, 0xb9, 0x64, 0xff,
    0xfc, 0xb9, 0x64, 0xff, 0xfc, 0xb9, 0x64, 0xff, 0xfc, 0xbc, 0x6b, 0xff,
    0xfc, 0xc2, 0x7a, 0xff, 0xfd, 0xc7, 0x83, 0xff, 0xfd, 0xc6, 0x82, 0xff,
    0xfb, 0xc0, 0x74, 0xff, 0xfc, 0xbb, 0x67, 0xff, 0xfc, 0xb9, 0x64, 0xff,
    0xfc, 0xb9, 0x64, 0xff, 0xfc, 0xb9, 0x64, 0xff, 0xfc, 0xb9, 0x64, 0xff,
    0xfc, 0xb9, 0x64, 0xff, 0xfc, 0xb4, 0x5b, 0xff, 0xfb, 0xa7, 0x3d, 0xff,
    0xf9, 0x96, 0x1c, 0xff, 0xf9, 0x96, 0x1c, 0xff, 0xf9, 0x96, 0x1c, 0xff,
    0xf8, 0x9b, 0x26, 0xfe, 0xfc, 0xa5, 0x3a, 0xb9, 0xee, 0xbb, 0x66, 0x0f,
    0x00, 0x00, 0x00, 0x00, 0x00, 0x00, 0x00, 0x00, 0x00, 0x00, 0x00, 0x00,
    0x00, 0x00, 0x00, 0x00, 0x00, 0x00, 0x00, 0x00, 0x00, 0x00, 0x00, 0x00,
    0x00, 0x00, 0x00, 0x00, 0x00, 0x00, 0x00, 0x00, 0x00, 0x00, 0x00, 0x00,
    0x00, 0x00, 0x00, 0x00, 0x00, 0x00, 0x00, 0x00, 0x00, 0x00, 0x00, 0x00,
    0x00, 0x00, 0x00, 0x00, 0x00, 0x00, 0x00, 0x00, 0x00, 0x00, 0x00, 0x00,
    0x00, 0x00, 0x00, 0x00, 0x00, 0x00, 0x00, 0x00, 0x00, 0x00, 0x00, 0x00,
    0x00, 0x00, 0x00, 0x00, 0x00, 0x00, 0x00, 0x00, 0x00, 0x00, 0x00, 0x00,
    0x00, 0x00, 0x00, 0x00, 0x00, 0x00, 0x00, 0x00, 0x00, 0x00, 0x00, 0x00,
    0x00, 0x00, 0x00, 0x00, 0x00, 0x00, 0x00, 0x00, 0x00, 0x00, 0x00, 0x00,
    0x00, 0x00, 0x00, 0x00, 0x00, 0x00, 0x00, 0x00, 0x00, 0x00, 0x00, 0x00,
    0x00, 0x00, 0x00, 0x00, 0x00, 0x00, 0x00, 0x00, 0x00, 0x00, 0x00, 0x00,
    0x00, 0x00, 0x00, 0x00, 0xee, 0xbb, 0x66, 0x0f, 0xfd, 0xb9, 0x64, 0x75,
    0xfb, 0xb9, 0x64, 0xd6, 0xfc, 0xb9, 0x64, 0xff, 0xfc, 0xb9, 0x64, 0xff,
    0xfc, 0xb9, 0x64, 0xff, 0xfc, 0xb9, 0x64, 0xff, 0xfc, 0xb9, 0x64, 0xff,
    0xfc, 0xb9, 0x64, 0xff, 0xfc, 0xb9, 0x64, 0xff, 0xfc, 0xb9, 0x64, 0xff,
    0xfc, 0xb9, 0x64, 0xff, 0xfc, 0xb9, 0x64, 0xff, 0xfc, 0xb9, 0x64, 0xff,
    0xfc, 0xb9, 0x64, 0xff, 0xfc, 0xb9, 0x64, 0xff, 0xfc, 0xb9, 0x64, 0xff,
    0xfc, 0xb9, 0x64, 0xff, 0xfc, 0xb9, 0x64, 0xff, 0xfb, 0xb7, 0x60, 0xff,
    0xfb, 0xad, 0x4a, 0xff, 0xfa, 0xa1, 0x34, 0xff, 0xf9, 0x97, 0x1d, 0xff,
    0xf9, 0x96, 0x1c, 0xff, 0xf9, 0x96, 0x1c, 0xff, 0xfa, 0x9d, 0x2b, 0xf5,
    0xfa, 0xa0, 0x33, 0xba, 0xf7, 0xa7, 0x40, 0x20, 0x00, 0x00, 0x00, 0x00,
    0x00, 0x00, 0x00, 0x00, 0x00, 0x00, 0x00, 0x00, 0x00, 0x00, 0x00, 0x00,
    0x00, 0x00, 0x00, 0x00, 0x00, 0x00, 0x00, 0x00, 0x00, 0x00, 0x00, 0x00,
    0x00, 0x00, 0x00, 0x00, 0x00, 0x00, 0x00, 0x00, 0x00, 0x00, 0x00, 0x00,
    0x00, 0x00, 0x00, 0x00, 0x00, 0x00, 0x00, 0x00, 0x00, 0x00, 0x00, 0x00,
    0x00, 0x00, 0x00, 0x00, 0x00, 0x00, 0x00, 0x00, 0x00, 0x00, 0x00, 0x00,
    0x00, 0x00, 0x00, 0x00, 0x00, 0x00, 0x00, 0x00, 0x00, 0x00, 0x00, 0x00,
    0x00, 0x00, 0x00, 0x00, 0x00, 0x00, 0x00, 0x00, 0x00, 0x00, 0x00, 0x00,
    0x00, 0x00, 0x00, 0x00, 0x00, 0x00, 0x00, 0x00, 0x00, 0x00, 0x00, 0x00,
    0x00, 0x00, 0x00, 0x00, 0x00, 0x00, 0x00, 0x00, 0x00, 0x00, 0x00, 0x00,
    0x00, 0x00, 0x00, 0x00, 0x00, 0x00, 0x00, 0x00, 0x00, 0x00, 0x00, 0x00,
    0x00, 0x00, 0x00, 0x00, 0x00, 0x00, 0x00, 0x00, 0x00, 0x00, 0x00, 0x00,
    0x00, 0x00, 0x00, 0x00, 0x00, 0x00, 0x00, 0x00, 0x00, 0x00, 0x00, 0x00,
    0x00, 0x00, 0x00, 0x00, 0x00, 0x00, 0x00, 0x00, 0xfb, 0xb9, 0x63, 0x3e,
    0xfd, 0xba, 0x63, 0x8d, 0xfb, 0xb9, 0x64, 0xd6, 0xfc, 0xb9, 0x64, 0xff,
    0xfc, 0xb9, 0x64, 0xff, 0xfc, 0xb9, 0x64, 0xff, 0xfc, 0xb9, 0x64, 0xff,
    0xfc, 0xb9, 0x64, 0xff, 0xfc, 0xb9, 0x64, 0xff, 0xfc, 0xb9, 0x64, 0xff,
    0xfc, 0xb9, 0x64, 0xff, 0xfc, 0xb9, 0x64, 0xff, 0xfc, 0xb9, 0x64, 0xff,
    0xfc, 0xb6, 0x5e, 0xff, 0xfb, 0xae, 0x4f, 0xff, 0xfb, 0xa5, 0x39, 0xff,
    0xf9, 0x99, 0x22, 0xff, 0xf9, 0x96, 0x1c, 0xff, 0xf9, 0x98, 0x20, 0xff,
    0xf9, 0x9f, 0x2f, 0xf2, 0xfa, 0xa5, 0x3a, 0xbc, 0xf9, 0xaa, 0x49, 0x57,
    0x00, 0x00, 0x00, 0x00, 0x00, 0x00, 0x00, 0x00, 0x00, 0x00, 0x00, 0x00,
    0x00, 0x00, 0x00, 0x00, 0x00, 0x00, 0x00, 0x00, 0x00, 0x00, 0x00, 0x00,
    0x00, 0x00, 0x00, 0x00, 0x00, 0x00, 0x00, 0x00, 0x00, 0x00, 0x00, 0x00,
    0x00, 0x00, 0x00, 0x00, 0x00, 0x00, 0x00, 0x00, 0x00, 0x00, 0x00, 0x00,
    0x00, 0x00, 0x00, 0x00, 0x00, 0x00, 0x00, 0x00, 0x00, 0x00, 0x00, 0x00,
    0x00, 0x00, 0x00, 0x00, 0x00, 0x00, 0x00, 0x00, 0x00, 0x00, 0x00, 0x00,
    0x00, 0x00, 0x00, 0x00, 0x00, 0x00, 0x00, 0x00, 0x00, 0x00, 0x00, 0x00,
    0x00, 0x00, 0x00, 0x00, 0x00, 0x00, 0x00, 0x00, 0x00, 0x00, 0x00, 0x00,
    0x00, 0x00, 0x00, 0x00, 0x00, 0x00, 0x00, 0x00, 0x00, 0x00, 0x00, 0x00,
    0x00, 0x00, 0x00, 0x00, 0x00, 0x00, 0x00, 0x00, 0x00, 0x00, 0x00, 0x00,
    0x00, 0x00, 0x00, 0x00, 0x00, 0x00, 0x00, 0x00, 0x00, 0x00, 0x00, 0x00,
    0x00, 0x00, 0x00, 0x00, 0x00, 0x00, 0x00, 0x00, 0x00, 0x00, 0x00, 0x00,
    0x00, 0x00, 0x00, 0x00, 0x00, 0x00, 0x00, 0x00, 0x00, 0x00, 0x00, 0x00,
    0x00, 0x00, 0x00, 0x00, 0x00, 0x00, 0x00, 0x00, 0x00, 0x00, 0x00, 0x00,
    0x00, 0x00, 0x00, 0x00, 0x00, 0x00, 0x00, 0x00, 0x00, 0x00, 0x00, 0x00,
    0xff, 0xbb, 0x66, 0x1e, 0xfc, 0xb8, 0x65, 0x56, 0xfd, 0xba, 0x64, 0x85,
    0xfc, 0xba, 0x64, 0xad, 0xfb, 0xb8, 0x64, 0xce, 0xfb, 0xb5, 0x5b, 0xe9,
    0xfb, 0xad, 0x4d, 0xf9, 0xfa, 0xa6, 0x3e, 0xff, 0xfa, 0x9f, 0x30, 0xff,
    0xf8, 0x98, 0x1f, 0xff, 0xf9, 0x9b, 0x28, 0xfb, 0xfa, 0x9f, 0x30, 0xef,
    0xfa, 0xa3, 0x39, 0xd8, 0xfb, 0xa8, 0x3e, 0xb2, 0xfb, 0xa5, 0x40, 0x80,
    0xff, 0xbb, 0x66, 0x1e, 0x00, 0x00, 0x00, 0x00, 0x00, 0x00, 0x00, 0x00,
    0x00, 0x00, 0x00, 0x00, 0x00, 0x00, 0x00, 0x00, 0x00, 0x00, 0x00, 0x00,
    0x00, 0x00, 0x00, 0x00, 0x00, 0x00, 0x00, 0x00, 0x00, 0x00, 0x00, 0x00,
    0x00, 0x00, 0x00, 0x00, 0x00, 0x00, 0x00, 0x00, 0x00, 0x00, 0x00, 0x00,
    0x00, 0x00, 0x00, 0x00, 0x00, 0x00, 0x00, 0x00, 0x00, 0x00, 0x00, 0x00,
    0x00, 0x00, 0x00, 0x00, 0x00, 0x00, 0x00, 0x00, 0x00, 0x00, 0x00, 0x00,
    0x00, 0x00, 0x00, 0x00, 0x00, 0x00, 0x00, 0x00, 0x00, 0x00, 0x00, 0x00,
    0x00, 0x00, 0x00, 0x00, 0x00, 0x00, 0x00, 0x00, 0x00, 0x00, 0x00, 0x00,
    0x00, 0x00, 0x00, 0x00
};
